OrderID,CustomerID,OrderDate,TotalAmount,Status
O0001,C0380,2024-01-31,4811.76,Shipped
O0002,C0028,2024-11-02,2964.9,Shipped
O0003,C0314,2022-04-13,470.39,Pending
O0004,C0310,2024-08-05,2687.37,Delivered
O0005,C0263,2023-09-22,4121.63,Pending
O0006,C0045,2022-01-27,1177.81,Shipped
O0007,C0472,2023-10-30,3616.87,Delivered
O0008,C0454,2022-10-20,3016.41,Delivered
O0009,C0044,2024-07-14,1953.43,Cancelled
O0010,C0184,2021-12-20,265.24,Delivered
O0011,C0003,2023-09-13,2000.51,Cancelled
O0012,C0052,2022-11-05,3121.34,Cancelled
O0013,C0108,2024-09-29,4413.39,Shipped
O0014,C0006,2022-01-02,1057.81,Shipped
O0015,C0294,2022-07-20,4504.15,Shipped
O0016,C0467,2024-04-28,2062.29,Shipped
O0017,C0216,2022-11-14,153.77,Delivered
O0018,C0377,2023-05-15,4943.79,Delivered
O0019,C0106,2023-03-23,578.07,Cancelled
O0020,C0443,2023-07-04,3182.91,Delivered
O0021,C0134,2024-10-20,313.42,Cancelled
O0022,C0084,2022-10-20,3506.18,Shipped
O0023,C0193,2023-07-04,4895.48,Shipped
O0024,C0304,2024-12-01,2211.47,Delivered
O0025,C0304,2024-04-06,1813.79,Shipped
O0026,C0276,2024-09-16,172.19,Delivered
O0027,C0389,2023-10-03,2576.58,Shipped
O0028,C0199,2024-09-04,1239.78,Delivered
O0029,C0485,2024-04-01,2553.52,Pending
O0030,C0041,2023-01-25,3294.09,Pending
O0031,C0026,2024-05-20,4543.73,Delivered
O0032,C0499,2022-11-03,4252.96,Shipped
O0033,C0288,2024-08-01,380.7,Cancelled
O0034,C0110,2022-08-24,1258.43,Cancelled
O0035,C0204,2024-07-24,1206.07,Cancelled
O0036,C0457,2024-08-30,881.81,Cancelled
O0037,C0261,2022-05-08,1741.14,Delivered
O0038,C0211,2024-07-29,274.82,Shipped
O0039,C0044,2024-02-24,4821.0,Pending
O0040,C0127,2024-01-21,1942.49,Shipped
O0041,C0105,2023-08-28,3824.34,Pending
O0042,C0049,2023-05-21,4056.95,Cancelled
O0043,C0488,2024-08-14,3479.97,Shipped
O0044,C0192,2023-07-16,1488.21,Delivered
O0045,C0075,2022-11-10,4437.35,Pending
O0046,C0231,2024-07-11,1216.21,Shipped
O0047,C0080,2022-07-27,2125.32,Shipped
O0048,C0384,2023-05-09,2867.7,Delivered
O0049,C0282,2022-11-11,3147.14,Delivered
O0050,C0067,2023-02-28,3724.84,Delivered
O0051,C0102,2022-07-11,3554.29,Shipped
O0052,C0346,2023-07-11,2150.77,Pending
O0053,C0225,2023-01-12,2557.0,Cancelled
O0054,C0120,2024-08-27,1969.15,Pending
O0055,C0310,2022-05-18,658.04,Pending
O0056,C0457,2022-11-11,3729.96,Delivered
O0057,C0033,2023-04-15,3904.87,Delivered
O0058,C0224,2024-03-26,3191.66,Shipped
O0059,C0348,2024-02-13,3369.57,Delivered
O0060,C0482,2023-12-30,4385.48,Pending
O0061,C0476,2024-02-13,4746.09,Delivered
O0062,C0304,2024-04-01,4280.83,Cancelled
O0063,C0262,2022-04-01,4088.08,Cancelled
O0064,C0268,2024-04-05,576.22,Cancelled
O0065,C0363,2023-03-07,2524.05,Shipped
O0066,C0086,2022-09-09,1174.9,Pending
O0067,C0225,2023-06-30,2341.45,Delivered
O0068,C0022,2022-12-14,1891.41,Shipped
O0069,C0221,2022-11-14,4303.57,Delivered
O0070,C0228,2024-11-08,1346.0,Cancelled
O0071,C0280,2024-10-28,515.2,Shipped
O0072,C0016,2021-12-21,308.05,Delivered
O0073,C0376,2022-09-22,928.92,Cancelled
O0074,C0034,2023-06-14,4160.9,Shipped
O0075,C0146,2024-04-09,3785.58,Delivered
O0076,C0067,2023-01-23,3411.85,Cancelled
O0077,C0253,2023-06-06,4174.58,Pending
O0078,C0274,2024-10-03,3603.85,Pending
O0079,C0352,2024-06-20,3600.29,Pending
O0080,C0470,2023-12-05,4885.0,Delivered
O0081,C0459,2022-06-14,3996.97,Pending
O0082,C0497,2023-06-28,461.78,Shipped
O0083,C0299,2022-01-23,3679.5,Pending
O0084,C0291,2022-12-09,2367.5,Delivered
O0085,C0280,2024-10-01,207.55,Shipped
O0086,C0332,2022-02-16,2085.63,Shipped
O0087,C0362,2022-01-02,4314.13,Shipped
O0088,C0480,2024-10-11,28.41,Shipped
O0089,C0337,2023-04-06,3987.21,Shipped
O0090,C0497,2022-04-25,2525.55,Pending
O0091,C0201,2022-04-27,2521.06,Shipped
O0092,C0027,2024-07-23,4515.81,Delivered
O0093,C0201,2022-12-26,1897.25,Cancelled
O0094,C0406,2022-11-08,1375.5,Cancelled
O0095,C0037,2022-03-18,2810.59,Pending
O0096,C0248,2023-02-24,4902.95,Pending
O0097,C0468,2023-08-30,4307.28,Pending
O0098,C0173,2023-06-23,4760.34,Shipped
O0099,C0162,2023-02-07,3088.6,Cancelled
O0100,C0217,2022-07-21,3041.42,Shipped
O0101,C0065,2022-07-18,1127.21,Cancelled
O0102,C0156,2022-11-05,3670.0,Delivered
O0103,C0224,2023-03-22,2728.32,Shipped
O0104,C0495,2023-04-12,2833.61,Pending
O0105,C0167,2022-12-09,1083.53,Delivered
O0106,C0048,2024-01-30,2427.18,Delivered
O0107,C0206,2023-10-30,29.88,Shipped
O0108,C0158,2024-06-13,669.74,Shipped
O0109,C0011,2024-07-11,1735.24,Pending
O0110,C0411,2024-08-19,3122.37,Delivered
O0111,C0101,2022-08-16,262.28,Cancelled
O0112,C0256,2022-10-17,26.85,Pending
O0113,C0144,2023-03-14,1154.5,Delivered
O0114,C0159,2023-08-27,3282.96,Pending
O0115,C0160,2023-07-06,4686.73,Cancelled
O0116,C0395,2022-08-16,4811.68,Cancelled
O0117,C0083,2023-10-09,4761.95,Delivered
O0118,C0412,2022-12-11,1698.51,Shipped
O0119,C0458,2022-07-10,994.67,Shipped
O0120,C0468,2024-07-09,3441.88,Delivered
O0121,C0048,2022-10-16,4153.81,Shipped
O0122,C0215,2022-09-29,4707.67,Pending
O0123,C0083,2021-12-19,4294.13,Pending
O0124,C0155,2024-03-22,4805.56,Delivered
O0125,C0039,2024-10-17,2909.55,Cancelled
O0126,C0090,2023-01-31,1035.38,Pending
O0127,C0445,2023-01-26,4132.04,Cancelled
O0128,C0025,2023-06-04,2353.9,Pending
O0129,C0158,2024-05-08,3887.84,Delivered
O0130,C0316,2024-01-08,2622.07,Delivered
O0131,C0290,2024-11-06,1831.41,Pending
O0132,C0179,2023-01-17,3922.31,Cancelled
O0133,C0064,2023-10-29,2168.45,Shipped
O0134,C0420,2024-06-25,2877.29,Delivered
O0135,C0026,2024-04-29,1340.84,Delivered
O0136,C0484,2024-07-31,3177.95,Pending
O0137,C0183,2023-12-04,3955.22,Delivered
O0138,C0014,2022-12-12,3622.97,Shipped
O0139,C0225,2023-08-29,2922.12,Shipped
O0140,C0297,2023-02-06,2851.41,Shipped
O0141,C0278,2024-08-12,4241.05,Cancelled
O0142,C0003,2024-01-18,3152.79,Cancelled
O0143,C0198,2023-01-27,4961.51,Cancelled
O0144,C0408,2023-02-06,938.42,Cancelled
O0145,C0196,2022-02-21,4366.12,Delivered
O0146,C0107,2022-09-28,1097.03,Cancelled
O0147,C0261,2022-01-17,4212.66,Shipped
O0148,C0348,2024-06-02,3108.72,Cancelled
O0149,C0162,2022-07-30,1069.88,Cancelled
O0150,C0168,2022-11-03,2435.37,Cancelled
O0151,C0025,2023-02-21,2197.62,Delivered
O0152,C0003,2022-12-20,4691.6,Pending
O0153,C0351,2022-02-11,2719.5,Shipped
O0154,C0428,2024-08-09,430.0,Shipped
O0155,C0097,2024-03-08,4444.27,Shipped
O0156,C0106,2022-11-15,2881.32,Pending
O0157,C0232,2024-05-14,1930.12,Delivered
O0158,C0250,2024-09-18,4911.62,Cancelled
O0159,C0141,2022-06-26,3346.13,Shipped
O0160,C0432,2024-09-28,4500.35,Delivered
O0161,C0486,2023-03-26,3098.89,Pending
O0162,C0135,2024-04-26,3536.38,Cancelled
O0163,C0403,2023-10-18,526.86,Pending
O0164,C0406,2022-11-22,4854.69,Delivered
O0165,C0460,2023-03-14,4974.29,Delivered
O0166,C0282,2023-08-12,3538.04,Delivered
O0167,C0278,2022-07-17,1715.96,Delivered
O0168,C0207,2024-05-15,4204.26,Cancelled
O0169,C0406,2022-09-20,3474.04,Cancelled
O0170,C0368,2023-09-27,1188.8,Delivered
O0171,C0430,2022-05-09,1107.96,Delivered
O0172,C0446,2024-07-01,2922.11,Pending
O0173,C0121,2022-03-30,2928.37,Pending
O0174,C0198,2022-06-26,694.15,Delivered
O0175,C0274,2023-11-10,1443.46,Cancelled
O0176,C0366,2023-07-27,1356.33,Cancelled
O0177,C0330,2022-08-25,2648.65,Delivered
O0178,C0423,2023-11-12,3170.28,Delivered
O0179,C0093,2023-01-09,342.41,Pending
O0180,C0300,2024-07-07,108.51,Cancelled
O0181,C0096,2022-12-18,3720.52,Shipped
O0182,C0443,2024-11-19,2275.81,Cancelled
O0183,C0485,2023-02-10,3209.17,Delivered
O0184,C0120,2022-01-02,4573.59,Cancelled
O0185,C0361,2024-06-22,1479.1,Pending
O0186,C0291,2023-08-25,4548.9,Delivered
O0187,C0162,2023-04-15,3219.75,Cancelled
O0188,C0057,2024-09-16,3437.19,Pending
O0189,C0302,2022-11-24,2817.79,Shipped
O0190,C0085,2024-05-27,394.17,Shipped
O0191,C0406,2022-05-31,793.84,Pending
O0192,C0436,2022-04-17,1420.98,Pending
O0193,C0169,2023-07-13,523.45,Cancelled
O0194,C0328,2024-04-23,1779.65,Delivered
O0195,C0068,2023-01-08,2696.48,Cancelled
O0196,C0009,2023-10-08,1099.18,Pending
O0197,C0314,2024-03-30,1620.68,Pending
O0198,C0104,2023-01-15,857.03,Delivered
O0199,C0013,2022-08-01,2956.38,Delivered
O0200,C0344,2023-03-31,3285.02,Pending
O0201,C0296,2024-06-06,4235.84,Shipped
O0202,C0315,2023-06-29,1926.94,Shipped
O0203,C0115,2022-11-13,1642.21,Pending
O0204,C0295,2022-07-13,4506.88,Pending
O0205,C0189,2024-07-13,4263.55,Delivered
O0206,C0135,2022-10-22,2039.24,Pending
O0207,C0155,2022-01-22,2494.97,Delivered
O0208,C0465,2023-08-08,4852.6,Delivered
O0209,C0160,2024-03-20,3950.47,Cancelled
O0210,C0488,2024-07-14,1235.86,Cancelled
O0211,C0017,2022-05-24,2530.63,Delivered
O0212,C0412,2023-03-03,4703.19,Delivered
O0213,C0023,2023-11-16,4541.16,Shipped
O0214,C0359,2022-03-26,1771.5,Shipped
O0215,C0470,2024-06-25,1782.2,Pending
O0216,C0483,2024-09-18,4769.07,Cancelled
O0217,C0299,2023-07-08,4593.48,Shipped
O0218,C0468,2022-04-18,1094.16,Cancelled
O0219,C0360,2023-01-16,4339.37,Pending
O0220,C0020,2023-03-07,267.66,Pending
O0221,C0459,2022-08-08,3487.06,Pending
O0222,C0132,2022-08-02,1420.08,Pending
O0223,C0457,2022-08-12,1335.57,Delivered
O0224,C0308,2022-04-24,4781.82,Shipped
O0225,C0251,2022-04-05,4660.83,Pending
O0226,C0401,2021-12-31,4535.61,Delivered
O0227,C0321,2022-07-23,2462.15,Pending
O0228,C0280,2022-12-21,962.76,Shipped
O0229,C0485,2023-05-17,4548.6,Delivered
O0230,C0318,2024-01-21,317.02,Shipped
O0231,C0434,2022-01-06,1186.69,Cancelled
O0232,C0399,2022-06-17,1683.3,Delivered
O0233,C0153,2023-10-05,3602.07,Cancelled
O0234,C0264,2023-07-25,3441.14,Pending
O0235,C0200,2024-07-23,3397.84,Cancelled
O0236,C0030,2022-06-09,329.26,Pending
O0237,C0271,2023-09-09,935.61,Shipped
O0238,C0261,2024-10-13,4299.18,Delivered
O0239,C0226,2023-12-31,2066.7,Delivered
O0240,C0140,2021-12-06,4081.29,Pending
O0241,C0264,2023-11-07,1788.11,Delivered
O0242,C0014,2024-04-29,432.94,Pending
O0243,C0148,2022-04-02,126.05,Delivered
O0244,C0326,2023-04-29,2716.21,Shipped
O0245,C0383,2023-03-22,4217.27,Delivered
O0246,C0450,2022-04-02,4322.94,Cancelled
O0247,C0396,2024-07-25,83.96,Cancelled
O0248,C0278,2021-12-13,165.37,Pending
O0249,C0112,2023-12-28,3521.35,Shipped
O0250,C0452,2023-11-01,633.7,Shipped
O0251,C0217,2023-05-12,622.91,Pending
O0252,C0108,2022-12-16,2416.58,Cancelled
O0253,C0150,2024-09-04,1853.76,Delivered
O0254,C0035,2023-06-21,863.67,Shipped
O0255,C0248,2023-07-01,1092.11,Shipped
O0256,C0403,2023-07-11,3687.15,Cancelled
O0257,C0042,2024-03-23,1824.03,Delivered
O0258,C0031,2022-02-07,4178.78,Delivered
O0259,C0292,2024-01-21,1952.67,Cancelled
O0260,C0455,2022-09-26,120.04,Pending
O0261,C0200,2022-01-12,4034.27,Delivered
O0262,C0211,2022-12-06,2979.93,Delivered
O0263,C0389,2024-01-29,482.75,Shipped
O0264,C0180,2024-08-27,3699.86,Pending
O0265,C0339,2024-07-04,2644.85,Shipped
O0266,C0325,2022-12-21,4809.52,Shipped
O0267,C0335,2024-08-07,395.9,Pending
O0268,C0488,2024-03-26,4099.94,Delivered
O0269,C0426,2022-10-05,3799.42,Cancelled
O0270,C0295,2022-04-23,1386.75,Shipped
O0271,C0480,2023-02-07,1855.1,Delivered
O0272,C0330,2023-10-23,4065.11,Pending
O0273,C0383,2023-06-18,1746.92,Pending
O0274,C0325,2022-08-09,861.05,Pending
O0275,C0090,2024-09-30,618.69,Cancelled
O0276,C0423,2022-09-07,1365.05,Pending
O0277,C0379,2023-12-31,4019.99,Shipped
O0278,C0371,2023-02-12,1657.15,Cancelled
O0279,C0181,2022-10-24,4514.88,Shipped
O0280,C0023,2024-01-18,2525.01,Pending
O0281,C0222,2024-10-11,3908.61,Delivered
O0282,C0362,2022-06-17,1862.18,Delivered
O0283,C0196,2024-01-26,2477.61,Pending
O0284,C0317,2023-02-18,1743.98,Shipped
O0285,C0465,2024-06-19,345.95,Pending
O0286,C0117,2022-03-01,2726.24,Shipped
O0287,C0225,2023-01-22,3578.58,Shipped
O0288,C0205,2023-08-06,2666.81,Pending
O0289,C0228,2023-09-23,1030.82,Pending
O0290,C0073,2023-07-22,3857.68,Cancelled
O0291,C0160,2022-08-05,3475.43,Cancelled
O0292,C0069,2022-12-26,1590.13,Cancelled
O0293,C0009,2024-11-16,3377.08,Cancelled
O0294,C0126,2022-05-28,3366.78,Delivered
O0295,C0493,2024-07-01,2823.28,Delivered
O0296,C0057,2023-10-20,4432.03,Pending
O0297,C0343,2023-11-04,4038.04,Shipped
O0298,C0082,2022-09-20,4459.69,Pending
O0299,C0109,2023-05-18,1841.09,Delivered
O0300,C0232,2022-09-01,822.89,Cancelled
O0301,C0336,2023-12-23,4936.85,Cancelled
O0302,C0068,2023-10-08,700.49,Cancelled
O0303,C0373,2023-09-28,4767.98,Shipped
O0304,C0362,2024-10-12,2353.1,Cancelled
O0305,C0262,2024-02-27,332.98,Shipped
O0306,C0242,2023-08-16,4389.01,Delivered
O0307,C0390,2022-07-12,3088.36,Shipped
O0308,C0043,2022-02-24,359.06,Pending
O0309,C0326,2023-06-19,4406.58,Pending
O0310,C0201,2023-06-03,2100.54,Cancelled
O0311,C0327,2023-05-25,167.4,Shipped
O0312,C0228,2022-01-19,3079.22,Delivered
O0313,C0131,2022-10-20,3322.7,Pending
O0314,C0184,2024-05-12,1703.94,Shipped
O0315,C0211,2022-12-05,3421.72,Pending
O0316,C0107,2024-06-04,4258.76,Pending
O0317,C0016,2024-04-06,2450.65,Shipped
O0318,C0481,2022-04-24,4261.45,Shipped
O0319,C0433,2023-10-01,55.72,Pending
O0320,C0146,2022-10-14,3912.54,Delivered
O0321,C0419,2023-12-23,4740.17,Cancelled
O0322,C0276,2023-07-07,4053.69,Shipped
O0323,C0282,2024-11-16,3314.06,Shipped
O0324,C0428,2022-12-03,4234.52,Shipped
O0325,C0347,2024-09-25,438.3,Delivered
O0326,C0019,2022-11-19,494.37,Shipped
O0327,C0440,2022-04-26,1806.29,Pending
O0328,C0153,2022-03-29,3678.74,Pending
O0329,C0275,2023-12-25,2135.09,Delivered
O0330,C0168,2024-12-04,3821.72,Delivered
O0331,C0185,2023-08-05,3328.33,Delivered
O0332,C0276,2022-09-16,3555.29,Delivered
O0333,C0180,2023-07-14,793.46,Pending
O0334,C0254,2022-02-17,702.8,Shipped
O0335,C0366,2024-07-27,154.39,Cancelled
O0336,C0293,2022-01-22,3453.62,Shipped
O0337,C0322,2024-07-31,3466.48,Delivered
O0338,C0498,2024-06-28,2817.52,Delivered
O0339,C0234,2022-05-04,4446.56,Delivered
O0340,C0169,2024-01-26,4554.13,Shipped
O0341,C0169,2024-06-27,1667.92,Shipped
O0342,C0067,2021-12-18,351.41,Pending
O0343,C0083,2022-06-01,1465.56,Pending
O0344,C0039,2023-04-18,2815.8,Cancelled
O0345,C0150,2023-01-10,4344.2,Shipped
O0346,C0151,2022-01-30,4286.11,Delivered
O0347,C0229,2024-04-22,4117.6,Delivered
O0348,C0084,2023-03-05,4331.33,Pending
O0349,C0363,2023-12-09,4395.21,Cancelled
O0350,C0374,2022-05-27,3254.76,Pending
O0351,C0096,2022-01-03,4788.23,Delivered
O0352,C0289,2024-11-12,1336.0,Shipped
O0353,C0444,2022-09-30,1100.92,Cancelled
O0354,C0332,2024-05-16,4897.59,Pending
O0355,C0397,2022-05-24,4177.96,Pending
O0356,C0105,2023-06-13,1774.75,Shipped
O0357,C0041,2022-10-31,4436.17,Pending
O0358,C0429,2024-09-14,2152.9,Delivered
O0359,C0130,2024-03-25,2884.72,Shipped
O0360,C0319,2022-10-04,1157.74,Shipped
O0361,C0093,2023-01-22,4103.53,Cancelled
O0362,C0100,2024-05-08,1044.5,Delivered
O0363,C0466,2022-08-11,1096.25,Pending
O0364,C0151,2024-04-03,2855.23,Cancelled
O0365,C0411,2022-09-29,4293.8,Delivered
O0366,C0328,2023-09-26,3147.55,Shipped
O0367,C0172,2023-07-01,477.56,Pending
O0368,C0211,2023-05-20,3152.96,Pending
O0369,C0431,2023-10-05,725.23,Shipped
O0370,C0028,2023-01-13,2671.58,Pending
O0371,C0201,2023-09-11,3182.2,Delivered
O0372,C0035,2023-01-04,943.62,Cancelled
O0373,C0326,2024-04-28,4136.8,Shipped
O0374,C0235,2023-01-31,4800.1,Delivered
O0375,C0486,2024-02-28,4095.09,Pending
O0376,C0007,2022-10-01,856.48,Cancelled
O0377,C0039,2022-07-26,3621.88,Pending
O0378,C0048,2022-05-16,4553.37,Cancelled
O0379,C0069,2022-06-16,4173.75,Cancelled
O0380,C0324,2024-04-01,395.33,Pending
O0381,C0037,2023-02-28,3099.53,Pending
O0382,C0460,2023-01-24,2927.35,Pending
O0383,C0215,2023-06-26,1567.97,Pending
O0384,C0154,2022-03-06,679.47,Shipped
O0385,C0472,2024-07-21,2038.75,Pending
O0386,C0006,2024-07-10,2900.67,Cancelled
O0387,C0391,2022-01-15,614.33,Pending
O0388,C0172,2024-02-09,3958.29,Pending
O0389,C0420,2022-08-12,2451.57,Delivered
O0390,C0390,2023-08-29,4538.7,Shipped
O0391,C0330,2022-08-05,3795.71,Cancelled
O0392,C0254,2023-03-18,545.62,Shipped
O0393,C0207,2023-09-15,3573.29,Cancelled
O0394,C0163,2023-12-29,1935.85,Cancelled
O0395,C0003,2023-03-03,1584.37,Pending
O0396,C0373,2022-06-12,992.22,Shipped
O0397,C0486,2022-09-25,1197.16,Cancelled
O0398,C0034,2023-05-29,2837.67,Shipped
O0399,C0110,2023-08-12,2337.85,Shipped
O0400,C0353,2022-11-28,295.69,Shipped
O0401,C0195,2024-02-20,1824.26,Shipped
O0402,C0153,2024-07-27,912.26,Cancelled
O0403,C0223,2024-10-22,2941.09,Pending
O0404,C0350,2022-04-02,2735.58,Delivered
O0405,C0161,2023-04-07,4442.34,Cancelled
O0406,C0274,2022-11-19,4321.97,Cancelled
O0407,C0088,2022-04-28,3769.6,Cancelled
O0408,C0074,2022-05-30,4283.52,Pending
O0409,C0069,2022-07-04,1286.36,Shipped
O0410,C0277,2023-02-04,1447.71,Delivered
O0411,C0443,2021-12-06,3103.39,Shipped
O0412,C0319,2022-05-31,3290.19,Shipped
O0413,C0202,2023-06-24,3727.85,Delivered
O0414,C0202,2023-06-03,2362.61,Delivered
O0415,C0357,2023-01-27,1223.94,Pending
O0416,C0086,2024-01-30,2052.06,Shipped
O0417,C0378,2023-11-23,4319.69,Cancelled
O0418,C0035,2024-09-18,73.37,Shipped
O0419,C0468,2024-07-14,2775.69,Shipped
O0420,C0200,2023-01-14,891.46,Pending
O0421,C0084,2022-05-14,731.7,Cancelled
O0422,C0283,2024-05-30,106.44,Shipped
O0423,C0124,2023-04-18,4235.44,Shipped
O0424,C0287,2024-04-27,3988.9,Shipped
O0425,C0028,2024-05-22,2312.03,Cancelled
O0426,C0482,2023-10-21,2661.91,Delivered
O0427,C0193,2024-12-03,4658.45,Shipped
O0428,C0047,2023-03-01,732.02,Cancelled
O0429,C0437,2024-04-11,3309.48,Delivered
O0430,C0170,2023-04-21,113.53,Cancelled
O0431,C0447,2024-03-01,236.83,Cancelled
O0432,C0409,2022-05-27,1960.94,Cancelled
O0433,C0487,2021-12-22,4787.96,Cancelled
O0434,C0225,2022-09-19,4665.47,Shipped
O0435,C0491,2024-02-06,1486.28,Shipped
O0436,C0466,2023-02-15,438.4,Cancelled
O0437,C0342,2022-05-21,2715.67,Delivered
O0438,C0336,2024-11-07,857.15,Shipped
O0439,C0170,2023-11-17,2990.87,Shipped
O0440,C0264,2023-08-15,3405.12,Shipped
O0441,C0177,2023-11-22,2143.78,Shipped
O0442,C0477,2022-05-28,1717.08,Cancelled
O0443,C0113,2024-06-25,4432.82,Cancelled
O0444,C0172,2022-11-27,1035.94,Pending
O0445,C0356,2022-03-28,3673.54,Shipped
O0446,C0004,2023-05-31,2359.6,Shipped
O0447,C0050,2022-08-15,1179.16,Cancelled
O0448,C0475,2024-06-04,1153.89,Shipped
O0449,C0146,2022-05-16,975.57,Delivered
O0450,C0253,2024-07-09,542.3,Pending
O0451,C0421,2023-01-17,2186.41,Delivered
O0452,C0110,2022-06-04,4558.55,Cancelled
O0453,C0330,2022-09-20,2966.24,Delivered
O0454,C0413,2023-12-16,3548.02,Shipped
O0455,C0473,2022-01-08,316.85,Shipped
O0456,C0093,2022-03-11,3776.32,Shipped
O0457,C0037,2022-10-19,4043.53,Cancelled
O0458,C0304,2022-09-09,4448.55,Delivered
O0459,C0151,2022-03-23,2418.56,Cancelled
O0460,C0468,2023-03-17,4697.88,Pending
O0461,C0247,2024-06-26,724.59,Shipped
O0462,C0040,2024-08-16,2165.78,Delivered
O0463,C0463,2024-04-29,1641.07,Cancelled
O0464,C0370,2022-01-22,2675.1,Cancelled
O0465,C0105,2022-11-05,4356.03,Pending
O0466,C0135,2022-04-17,1837.64,Cancelled
O0467,C0162,2022-08-11,4642.72,Delivered
O0468,C0113,2024-11-28,1329.59,Shipped
O0469,C0069,2024-03-19,920.12,Shipped
O0470,C0246,2024-03-12,1984.56,Pending
O0471,C0233,2024-02-12,2534.14,Shipped
O0472,C0421,2024-02-09,2503.8,Cancelled
O0473,C0006,2024-07-23,1095.72,Delivered
O0474,C0235,2023-02-10,1131.72,Shipped
O0475,C0286,2022-03-25,1881.58,Shipped
O0476,C0446,2023-02-19,2039.07,Shipped
O0477,C0225,2024-11-25,17.74,Delivered
O0478,C0170,2024-08-06,4867.57,Pending
O0479,C0488,2024-11-05,1548.1,Pending
O0480,C0145,2022-02-09,722.41,Shipped
O0481,C0040,2024-07-06,668.81,Pending
O0482,C0128,2023-09-13,2420.85,Cancelled
O0483,C0149,2024-04-06,4760.92,Shipped
O0484,C0124,2022-11-16,969.57,Shipped
O0485,C0329,2024-04-17,941.01,Delivered
O0486,C0399,2021-12-14,4286.98,Cancelled
O0487,C0470,2022-08-30,4330.6,Shipped
O0488,C0006,2022-03-06,2791.97,Pending
O0489,C0133,2024-08-22,4252.4,Cancelled
O0490,C0264,2024-10-18,4108.56,Delivered
O0491,C0138,2023-01-30,4098.29,Pending
O0492,C0155,2022-06-06,4603.92,Delivered
O0493,C0056,2022-05-08,4477.57,Cancelled
O0494,C0248,2022-05-08,2169.93,Delivered
O0495,C0449,2021-12-05,4851.22,Shipped
O0496,C0184,2022-02-22,2915.28,Cancelled
O0497,C0041,2024-05-09,2574.22,Pending
O0498,C0149,2023-07-16,975.08,Shipped
O0499,C0083,2023-05-02,833.51,Delivered
O0500,C0233,2024-10-22,3018.47,Shipped
O0501,C0031,2022-03-27,4624.83,Cancelled
O0502,C0361,2023-12-14,295.46,Shipped
O0503,C0436,2023-07-17,3853.83,Cancelled
O0504,C0376,2024-05-24,1573.56,Cancelled
O0505,C0156,2023-04-19,3271.01,Shipped
O0506,C0049,2024-05-16,835.73,Cancelled
O0507,C0088,2022-02-27,2841.96,Pending
O0508,C0462,2023-07-27,1975.93,Delivered
O0509,C0443,2022-01-16,1289.32,Shipped
O0510,C0117,2022-07-22,1036.39,Shipped
O0511,C0058,2024-08-01,3054.16,Pending
O0512,C0372,2024-02-19,3850.7,Cancelled
O0513,C0192,2023-07-28,4700.69,Pending
O0514,C0036,2023-11-06,1096.35,Delivered
O0515,C0024,2022-02-25,865.69,Shipped
O0516,C0304,2024-04-05,3000.26,Cancelled
O0517,C0253,2022-08-31,4754.31,Shipped
O0518,C0251,2022-03-28,1407.75,Delivered
O0519,C0287,2023-04-18,22.59,Cancelled
O0520,C0204,2023-04-19,726.3,Cancelled
O0521,C0276,2024-06-22,3951.02,Shipped
O0522,C0372,2023-07-25,1418.44,Delivered
O0523,C0198,2022-08-08,4757.48,Shipped
O0524,C0327,2024-08-15,3029.95,Shipped
O0525,C0231,2024-01-03,4654.17,Delivered
O0526,C0296,2023-03-07,1254.59,Pending
O0527,C0381,2023-08-03,455.67,Cancelled
O0528,C0247,2024-01-05,2222.35,Pending
O0529,C0090,2024-08-01,1698.38,Pending
O0530,C0472,2022-04-01,2141.61,Delivered
O0531,C0418,2023-10-07,719.46,Delivered
O0532,C0277,2023-12-07,491.21,Cancelled
O0533,C0391,2023-12-18,1733.83,Pending
O0534,C0002,2021-12-26,796.49,Shipped
O0535,C0244,2022-05-11,624.99,Shipped
O0536,C0039,2022-05-09,4177.08,Shipped
O0537,C0228,2024-01-17,1739.01,Shipped
O0538,C0331,2024-10-20,3246.28,Shipped
O0539,C0311,2023-03-05,4370.87,Cancelled
O0540,C0393,2023-01-19,2115.99,Cancelled
O0541,C0075,2022-03-15,854.16,Pending
O0542,C0182,2023-04-17,4138.21,Delivered
O0543,C0498,2022-07-13,2045.21,Cancelled
O0544,C0022,2023-08-05,1485.93,Shipped
O0545,C0484,2024-07-18,583.0,Delivered
O0546,C0392,2022-12-07,1088.32,Cancelled
O0547,C0121,2021-12-21,2537.95,Pending
O0548,C0330,2024-01-10,2999.06,Shipped
O0549,C0248,2023-03-24,4839.93,Shipped
O0550,C0024,2024-01-14,4228.63,Delivered
O0551,C0290,2022-12-13,3995.94,Pending
O0552,C0229,2022-01-22,4051.6,Shipped
O0553,C0099,2022-07-04,3611.5,Shipped
O0554,C0353,2021-12-14,3084.32,Delivered
O0555,C0129,2024-05-07,1464.71,Delivered
O0556,C0350,2022-06-22,4617.1,Shipped
O0557,C0353,2024-05-31,2188.15,Shipped
O0558,C0493,2023-12-09,4286.84,Cancelled
O0559,C0142,2024-02-03,4158.69,Shipped
O0560,C0384,2023-06-30,1416.58,Delivered
O0561,C0415,2024-07-15,422.05,Shipped
O0562,C0109,2023-11-09,3175.31,Delivered
O0563,C0437,2024-06-10,1442.8,Delivered
O0564,C0066,2023-09-04,930.99,Shipped
O0565,C0283,2022-10-17,279.51,Shipped
O0566,C0139,2023-06-29,195.0,Cancelled
O0567,C0262,2023-12-10,4282.62,Cancelled
O0568,C0207,2024-04-23,1987.21,Shipped
O0569,C0304,2022-08-15,1125.6,Cancelled
O0570,C0372,2023-05-02,2360.44,Cancelled
O0571,C0398,2024-09-11,4577.06,Pending
O0572,C0046,2024-04-12,1707.01,Cancelled
O0573,C0486,2024-06-09,4583.04,Pending
O0574,C0008,2023-03-29,2461.57,Shipped
O0575,C0126,2023-08-07,3833.98,Shipped
O0576,C0097,2024-02-21,4625.39,Shipped
O0577,C0416,2023-07-12,1017.58,Pending
O0578,C0340,2022-01-30,4205.95,Cancelled
O0579,C0492,2022-08-02,4805.94,Shipped
O0580,C0083,2022-09-20,4161.08,Delivered
O0581,C0225,2024-05-17,2644.92,Cancelled
O0582,C0056,2023-06-14,4703.15,Pending
O0583,C0248,2023-09-14,4594.07,Cancelled
O0584,C0308,2024-07-19,2243.17,Delivered
O0585,C0297,2023-12-09,1197.77,Shipped
O0586,C0090,2023-08-21,1339.22,Cancelled
O0587,C0392,2022-11-27,4151.55,Cancelled
O0588,C0110,2024-12-03,4779.19,Cancelled
O0589,C0468,2022-04-14,4786.91,Pending
O0590,C0257,2023-08-18,4149.87,Cancelled
O0591,C0270,2024-09-14,765.82,Delivered
O0592,C0267,2023-05-16,4075.14,Cancelled
O0593,C0225,2022-12-26,3876.59,Pending
O0594,C0145,2022-06-04,1258.12,Pending
O0595,C0145,2023-04-27,751.32,Shipped
O0596,C0462,2022-12-30,4736.91,Shipped
O0597,C0243,2024-08-26,3698.58,Delivered
O0598,C0321,2022-09-18,4889.53,Pending
O0599,C0391,2021-12-10,1380.79,Cancelled
O0600,C0102,2022-05-27,2717.38,Pending
O0601,C0286,2022-05-12,1565.86,Cancelled
O0602,C0152,2023-03-19,4767.54,Cancelled
O0603,C0414,2023-06-29,2984.88,Cancelled
O0604,C0173,2024-06-30,1459.56,Cancelled
O0605,C0386,2023-08-07,4506.86,Pending
O0606,C0058,2023-09-12,4452.81,Shipped
O0607,C0477,2022-07-23,2105.77,Shipped
O0608,C0318,2022-01-19,1620.87,Shipped
O0609,C0308,2022-03-05,1554.74,Cancelled
O0610,C0334,2023-08-11,3602.57,Delivered
O0611,C0141,2024-05-15,1018.62,Shipped
O0612,C0284,2024-01-19,2413.96,Cancelled
O0613,C0177,2022-09-28,791.59,Shipped
O0614,C0046,2022-08-19,4357.9,Cancelled
O0615,C0201,2022-01-20,829.43,Pending
O0616,C0102,2022-07-12,2841.12,Cancelled
O0617,C0437,2023-11-19,3299.3,Pending
O0618,C0492,2022-07-29,894.75,Shipped
O0619,C0376,2023-10-03,4151.41,Cancelled
O0620,C0291,2023-12-26,3074.56,Pending
O0621,C0407,2023-06-22,2992.71,Cancelled
O0622,C0086,2022-07-02,4430.5,Cancelled
O0623,C0191,2024-08-19,4220.83,Shipped
O0624,C0309,2022-09-15,1864.61,Shipped
O0625,C0082,2024-01-14,3228.47,Delivered
O0626,C0325,2024-03-25,2964.82,Cancelled
O0627,C0043,2023-07-19,1342.48,Cancelled
O0628,C0040,2022-10-05,2468.31,Pending
O0629,C0069,2022-01-28,3330.89,Pending
O0630,C0143,2023-11-01,4723.0,Shipped
O0631,C0306,2023-03-07,2218.29,Delivered
O0632,C0317,2023-02-07,494.06,Cancelled
O0633,C0285,2024-08-11,2924.48,Pending
O0634,C0176,2024-04-04,612.2,Delivered
O0635,C0483,2023-11-27,4039.82,Pending
O0636,C0278,2023-08-05,4343.53,Delivered
O0637,C0149,2024-04-02,2940.37,Cancelled
O0638,C0255,2024-02-01,1810.13,Delivered
O0639,C0028,2023-02-23,2065.03,Shipped
O0640,C0274,2022-12-14,2073.77,Pending
O0641,C0480,2022-02-22,2899.7,Pending
O0642,C0458,2022-09-21,1769.83,Shipped
O0643,C0484,2024-05-21,4857.38,Shipped
O0644,C0203,2022-10-21,1681.45,Delivered
O0645,C0257,2024-08-31,3161.41,Shipped
O0646,C0253,2022-08-13,1906.39,Delivered
O0647,C0410,2023-04-27,1180.18,Shipped
O0648,C0363,2024-06-08,847.9,Shipped
O0649,C0036,2022-12-25,1247.77,Cancelled
O0650,C0037,2023-12-24,606.08,Cancelled
O0651,C0056,2023-12-14,4434.78,Cancelled
O0652,C0345,2022-09-22,3499.96,Pending
O0653,C0153,2023-06-06,3793.47,Shipped
O0654,C0240,2023-06-07,4657.71,Pending
O0655,C0246,2023-09-15,3171.33,Pending
O0656,C0371,2023-06-12,1604.21,Cancelled
O0657,C0159,2024-12-02,3995.18,Cancelled
O0658,C0302,2024-05-15,3804.27,Delivered
O0659,C0443,2023-09-21,4624.18,Shipped
O0660,C0011,2024-09-18,195.93,Delivered
O0661,C0062,2021-12-11,3510.23,Shipped
O0662,C0105,2022-10-02,307.32,Pending
O0663,C0059,2024-11-07,2300.45,Delivered
O0664,C0017,2023-01-01,664.45,Cancelled
O0665,C0082,2023-04-04,912.06,Delivered
O0666,C0412,2022-02-26,2349.97,Cancelled
O0667,C0179,2023-08-01,2962.34,Shipped
O0668,C0424,2024-08-05,4463.72,Delivered
O0669,C0363,2022-07-03,596.87,Cancelled
O0670,C0464,2022-02-19,3038.65,Cancelled
O0671,C0171,2024-04-03,4276.03,Cancelled
O0672,C0102,2022-08-08,682.25,Delivered
O0673,C0306,2023-12-09,4475.99,Shipped
O0674,C0220,2024-04-22,1971.55,Delivered
O0675,C0031,2024-10-16,783.39,Pending
O0676,C0086,2024-05-09,2885.97,Pending
O0677,C0180,2024-07-18,3807.6,Cancelled
O0678,C0485,2023-04-02,2063.63,Delivered
O0679,C0184,2024-03-06,2121.65,Cancelled
O0680,C0111,2023-04-08,3074.07,Delivered
O0681,C0082,2023-02-01,425.59,Cancelled
O0682,C0312,2024-06-17,1199.21,Pending
O0683,C0198,2024-04-07,4920.82,Shipped
O0684,C0396,2023-05-21,1116.1,Delivered
O0685,C0101,2024-04-05,580.5,Shipped
O0686,C0190,2024-03-03,206.02,Pending
O0687,C0316,2023-11-26,1332.44,Pending
O0688,C0488,2024-01-20,1128.79,Delivered
O0689,C0421,2022-11-17,2019.9,Pending
O0690,C0215,2022-01-02,4149.22,Cancelled
O0691,C0073,2023-10-19,3542.69,Delivered
O0692,C0318,2024-07-30,1025.61,Pending
O0693,C0150,2024-07-09,4213.23,Shipped
O0694,C0381,2024-01-09,3660.34,Cancelled
O0695,C0443,2022-09-14,1940.77,Shipped
O0696,C0031,2024-04-26,3000.52,Shipped
O0697,C0485,2024-07-31,4856.63,Delivered
O0698,C0225,2024-11-21,1118.9,Pending
O0699,C0415,2022-07-03,1934.58,Cancelled
O0700,C0479,2023-05-19,3461.14,Shipped
O0701,C0282,2024-03-23,1535.59,Cancelled
O0702,C0040,2022-08-13,2001.14,Cancelled
O0703,C0327,2023-08-03,1421.07,Cancelled
O0704,C0476,2021-12-16,4932.13,Delivered
O0705,C0103,2022-07-31,4490.2,Shipped
O0706,C0241,2023-09-07,4351.06,Cancelled
O0707,C0275,2024-09-29,4145.18,Shipped
O0708,C0328,2024-10-25,4933.13,Shipped
O0709,C0172,2024-03-09,1979.64,Pending
O0710,C0382,2023-06-24,1722.2,Delivered
O0711,C0120,2024-05-30,2276.65,Delivered
O0712,C0019,2023-08-30,2197.94,Pending
O0713,C0432,2023-06-30,917.13,Cancelled
O0714,C0445,2024-01-16,3814.79,Delivered
O0715,C0096,2022-03-22,2454.09,Delivered
O0716,C0111,2023-04-03,869.82,Cancelled
O0717,C0465,2024-09-11,2672.36,Delivered
O0718,C0475,2022-08-04,800.86,Shipped
O0719,C0087,2022-03-31,1607.91,Delivered
O0720,C0122,2022-06-11,4087.03,Pending
O0721,C0369,2022-02-03,4113.81,Shipped
O0722,C0426,2022-10-23,2359.45,Pending
O0723,C0351,2022-06-07,2345.18,Delivered
O0724,C0253,2022-12-08,3524.9,Cancelled
O0725,C0359,2022-12-29,2744.53,Pending
O0726,C0465,2022-08-19,74.48,Shipped
O0727,C0299,2022-08-17,2618.48,Pending
O0728,C0256,2024-07-06,3269.77,Pending
O0729,C0264,2022-01-04,781.67,Delivered
O0730,C0493,2024-02-09,4257.35,Pending
O0731,C0303,2022-03-25,3520.33,Shipped
O0732,C0249,2023-01-01,4607.77,Shipped
O0733,C0076,2024-08-01,1077.21,Shipped
O0734,C0010,2022-12-05,2957.18,Shipped
O0735,C0156,2024-07-13,1360.18,Shipped
O0736,C0413,2022-05-04,367.67,Pending
O0737,C0421,2024-06-19,202.21,Shipped
O0738,C0185,2024-08-23,3654.17,Shipped
O0739,C0023,2024-08-08,3969.25,Shipped
O0740,C0335,2024-12-03,1342.27,Cancelled
O0741,C0010,2022-09-20,4261.33,Shipped
O0742,C0497,2024-01-23,4927.14,Shipped
O0743,C0464,2023-09-26,4928.61,Cancelled
O0744,C0393,2023-08-17,2854.77,Delivered
O0745,C0416,2024-11-28,1266.75,Cancelled
O0746,C0116,2023-05-05,2487.96,Pending
O0747,C0255,2023-06-14,3565.74,Delivered
O0748,C0008,2022-08-05,2579.53,Shipped
O0749,C0350,2022-11-01,935.57,Delivered
O0750,C0412,2024-05-02,3527.79,Delivered
O0751,C0182,2023-01-02,2685.94,Cancelled
O0752,C0490,2023-09-05,2152.49,Shipped
O0753,C0315,2023-05-13,1018.51,Cancelled
O0754,C0078,2024-05-10,1168.67,Delivered
O0755,C0462,2022-04-10,3555.11,Delivered
O0756,C0464,2024-06-02,2482.09,Cancelled
O0757,C0445,2024-05-03,3077.62,Shipped
O0758,C0443,2024-11-14,2886.35,Shipped
O0759,C0251,2021-12-18,3307.44,Delivered
O0760,C0090,2022-12-18,366.69,Shipped
O0761,C0100,2024-10-05,2105.71,Pending
O0762,C0003,2024-10-13,1216.67,Shipped
O0763,C0336,2021-12-06,3899.26,Shipped
O0764,C0090,2023-11-05,237.91,Pending
O0765,C0200,2023-04-16,4457.81,Pending
O0766,C0085,2021-12-11,1321.57,Delivered
O0767,C0455,2022-09-17,1931.03,Pending
O0768,C0429,2022-10-13,3998.23,Pending
O0769,C0372,2024-08-11,1550.48,Pending
O0770,C0413,2022-12-04,178.55,Delivered
O0771,C0319,2023-08-18,3771.32,Delivered
O0772,C0395,2022-05-19,401.87,Shipped
O0773,C0295,2024-10-27,1052.86,Pending
O0774,C0346,2021-12-22,256.18,Shipped
O0775,C0183,2024-02-26,616.35,Shipped
O0776,C0490,2024-09-07,1532.67,Delivered
O0777,C0315,2022-12-26,2338.3,Delivered
O0778,C0196,2023-11-11,978.66,Pending
O0779,C0247,2024-01-06,259.91,Pending
O0780,C0109,2023-08-24,3326.28,Shipped
O0781,C0137,2023-04-21,242.3,Cancelled
O0782,C0253,2023-11-05,1005.39,Pending
O0783,C0318,2023-04-29,2595.12,Delivered
O0784,C0178,2023-05-21,4286.49,Cancelled
O0785,C0315,2024-11-09,2398.45,Shipped
O0786,C0396,2022-05-23,600.24,Cancelled
O0787,C0343,2023-03-15,3747.74,Shipped
O0788,C0377,2024-03-18,3724.97,Delivered
O0789,C0142,2023-08-18,1086.39,Pending
O0790,C0259,2023-03-02,2517.57,Delivered
O0791,C0156,2021-12-07,2762.23,Cancelled
O0792,C0335,2023-05-03,1567.6,Delivered
O0793,C0455,2023-11-09,3345.9,Cancelled
O0794,C0343,2023-07-23,1941.93,Delivered
O0795,C0011,2024-07-30,2081.19,Delivered
O0796,C0235,2023-02-01,1024.54,Delivered
O0797,C0413,2023-07-09,1603.95,Shipped
O0798,C0238,2022-08-05,4828.28,Shipped
O0799,C0043,2023-09-10,2985.08,Pending
O0800,C0466,2023-07-09,4887.01,Shipped
O0801,C0346,2024-04-30,1941.19,Cancelled
O0802,C0197,2024-02-02,2745.58,Pending
O0803,C0202,2023-07-20,1197.8,Pending
O0804,C0203,2021-12-29,2357.23,Pending
O0805,C0117,2024-09-07,3544.98,Pending
O0806,C0435,2024-05-24,1781.35,Shipped
O0807,C0107,2022-08-11,4242.96,Cancelled
O0808,C0352,2024-04-13,4695.09,Pending
O0809,C0024,2024-05-18,3558.69,Cancelled
O0810,C0399,2022-01-30,109.3,Delivered
O0811,C0241,2023-03-27,641.83,Shipped
O0812,C0070,2024-08-21,4307.19,Shipped
O0813,C0299,2022-04-18,3206.14,Pending
O0814,C0418,2022-01-11,3779.31,Pending
O0815,C0381,2022-04-29,140.15,Pending
O0816,C0283,2022-12-24,4888.67,Shipped
O0817,C0150,2022-12-15,1878.97,Cancelled
O0818,C0006,2024-04-08,4767.72,Delivered
O0819,C0220,2024-10-12,2738.43,Delivered
O0820,C0372,2024-07-08,3524.18,Shipped
O0821,C0054,2023-10-28,2772.84,Delivered
O0822,C0074,2023-05-05,1177.1,Shipped
O0823,C0341,2024-01-21,4498.08,Pending
O0824,C0152,2023-07-09,1471.2,Cancelled
O0825,C0307,2023-07-17,460.83,Cancelled
O0826,C0012,2024-08-12,4796.12,Delivered
O0827,C0078,2022-05-30,111.18,Shipped
O0828,C0454,2023-07-11,4866.37,Delivered
O0829,C0172,2023-02-26,2648.74,Shipped
O0830,C0045,2022-06-21,325.89,Cancelled
O0831,C0093,2024-03-04,137.68,Pending
O0832,C0251,2024-08-11,1713.18,Pending
O0833,C0131,2023-09-18,2773.8,Shipped
O0834,C0470,2023-01-19,1499.62,Pending
O0835,C0342,2024-04-28,1167.22,Delivered
O0836,C0080,2022-09-02,990.49,Pending
O0837,C0405,2022-09-16,3958.94,Pending
O0838,C0238,2024-09-28,772.81,Cancelled
O0839,C0244,2024-05-23,3397.76,Delivered
O0840,C0023,2022-11-27,1025.29,Delivered
O0841,C0215,2021-12-25,1503.21,Pending
O0842,C0060,2022-10-29,3104.84,Shipped
O0843,C0027,2022-06-01,1500.37,Cancelled
O0844,C0169,2024-11-11,1404.55,Cancelled
O0845,C0073,2022-06-26,34.48,Pending
O0846,C0493,2024-07-21,4959.1,Shipped
O0847,C0111,2024-10-02,4458.05,Pending
O0848,C0481,2023-12-19,4561.57,Delivered
O0849,C0449,2022-10-03,2982.14,Shipped
O0850,C0252,2022-05-07,3920.99,Cancelled
O0851,C0299,2024-03-04,2853.51,Cancelled
O0852,C0195,2022-08-31,3943.56,Cancelled
O0853,C0169,2023-12-15,1333.44,Pending
O0854,C0003,2024-08-01,1236.29,Pending
O0855,C0342,2022-10-03,4188.1,Delivered
O0856,C0286,2023-08-28,2221.49,Delivered
O0857,C0344,2024-07-17,1228.28,Cancelled
O0858,C0112,2024-03-04,1726.34,Cancelled
O0859,C0037,2024-10-10,4960.08,Shipped
O0860,C0260,2024-01-23,4624.08,Cancelled
O0861,C0388,2024-03-27,2900.72,Shipped
O0862,C0328,2024-11-01,678.96,Pending
O0863,C0025,2023-11-08,2526.05,Delivered
O0864,C0037,2022-03-14,1029.34,Pending
O0865,C0389,2023-03-04,1080.32,Pending
O0866,C0348,2024-10-07,2441.78,Pending
O0867,C0150,2023-04-15,352.28,Shipped
O0868,C0092,2021-12-06,4572.85,Delivered
O0869,C0071,2023-02-18,1330.55,Cancelled
O0870,C0436,2021-12-08,1419.89,Pending
O0871,C0069,2022-05-01,4693.83,Delivered
O0872,C0206,2023-04-30,2436.37,Cancelled
O0873,C0425,2022-10-13,1127.39,Pending
O0874,C0087,2023-05-31,2268.63,Delivered
O0875,C0474,2024-02-26,1007.68,Pending
O0876,C0213,2024-07-23,4412.03,Shipped
O0877,C0467,2023-08-27,3043.06,Pending
O0878,C0384,2023-01-05,2428.78,Pending
O0879,C0022,2022-06-02,3397.24,Delivered
O0880,C0305,2024-07-21,1610.77,Shipped
O0881,C0353,2022-12-08,980.53,Delivered
O0882,C0327,2022-10-17,495.47,Cancelled
O0883,C0456,2024-10-17,4833.39,Delivered
O0884,C0085,2024-04-22,471.66,Delivered
O0885,C0107,2022-05-06,1008.47,Cancelled
O0886,C0161,2024-01-12,4332.41,Shipped
O0887,C0204,2023-01-04,4444.31,Shipped
O0888,C0011,2024-04-02,3923.32,Shipped
O0889,C0443,2022-10-14,1409.8,Pending
O0890,C0342,2023-08-13,2422.1,Pending
O0891,C0370,2022-06-27,3991.38,Cancelled
O0892,C0358,2024-04-24,593.64,Shipped
O0893,C0135,2023-04-20,489.5,Cancelled
O0894,C0252,2024-11-16,164.85,Pending
O0895,C0088,2023-10-05,3332.32,Shipped
O0896,C0187,2022-01-13,1882.47,Delivered
O0897,C0440,2022-12-19,1815.09,Shipped
O0898,C0064,2022-11-18,1055.03,Delivered
O0899,C0117,2024-03-07,1500.73,Pending
O0900,C0277,2024-06-12,732.05,Delivered
O0901,C0172,2024-07-22,4834.78,Delivered
O0902,C0101,2023-06-23,2549.1,Shipped
O0903,C0003,2024-02-17,522.28,Pending
O0904,C0105,2024-06-06,4721.97,Delivered
O0905,C0358,2022-12-09,4328.82,Shipped
O0906,C0223,2022-12-13,4502.81,Delivered
O0907,C0101,2024-08-03,3523.98,Pending
O0908,C0164,2022-08-24,2506.37,Shipped
O0909,C0478,2024-11-24,4295.94,Shipped
O0910,C0144,2022-12-12,2596.69,Pending
O0911,C0411,2024-06-06,313.74,Pending
O0912,C0463,2024-07-04,2333.01,Cancelled
O0913,C0233,2024-01-30,2077.72,Cancelled
O0914,C0346,2023-03-30,2269.52,Pending
O0915,C0482,2023-04-24,4401.79,Shipped
O0916,C0249,2024-04-05,225.94,Shipped
O0917,C0459,2024-07-29,69.67,Shipped
O0918,C0354,2022-12-03,4184.27,Delivered
O0919,C0218,2023-05-28,2327.8,Shipped
O0920,C0445,2024-07-31,2281.95,Shipped
O0921,C0227,2023-02-13,3552.92,Delivered
O0922,C0172,2023-07-03,2320.44,Delivered
O0923,C0397,2023-06-12,3588.46,Delivered
O0924,C0493,2023-03-31,333.78,Delivered
O0925,C0220,2022-07-18,3814.47,Delivered
O0926,C0376,2024-01-14,4333.67,Delivered
O0927,C0350,2022-07-27,3399.77,Pending
O0928,C0480,2023-07-16,1911.82,Cancelled
O0929,C0197,2024-05-26,4402.13,Delivered
O0930,C0026,2022-04-23,872.47,Shipped
O0931,C0396,2023-02-08,3895.81,Cancelled
O0932,C0369,2022-08-19,1859.25,Pending
O0933,C0105,2022-07-01,1499.4,Shipped
O0934,C0309,2022-10-22,1547.22,Delivered
O0935,C0224,2022-08-20,4037.94,Delivered
O0936,C0278,2023-06-20,3341.82,Pending
O0937,C0316,2022-08-09,737.67,Delivered
O0938,C0479,2023-04-19,2222.12,Pending
O0939,C0087,2022-09-16,97.21,Delivered
O0940,C0046,2024-11-29,1521.77,Pending
O0941,C0480,2022-10-02,3883.35,Cancelled
O0942,C0405,2024-05-24,1633.37,Delivered
O0943,C0266,2023-03-13,4309.25,Pending
O0944,C0476,2023-09-24,744.36,Cancelled
O0945,C0235,2024-05-27,1165.51,Delivered
O0946,C0452,2024-05-01,4071.88,Delivered
O0947,C0184,2024-08-26,616.24,Pending
O0948,C0232,2023-10-15,4909.11,Delivered
O0949,C0330,2024-02-23,973.55,Pending
O0950,C0134,2024-05-07,2221.44,Delivered
O0951,C0183,2023-10-07,1444.3,Shipped
O0952,C0361,2024-02-08,3376.7,Cancelled
O0953,C0299,2023-12-24,4079.35,Delivered
O0954,C0232,2024-02-18,911.75,Delivered
O0955,C0103,2022-01-28,3870.12,Delivered
O0956,C0260,2024-08-17,387.38,Cancelled
O0957,C0329,2022-07-10,1187.42,Delivered
O0958,C0433,2021-12-06,3265.4,Cancelled
O0959,C0127,2024-06-15,3619.98,Shipped
O0960,C0218,2022-09-16,724.45,Delivered
O0961,C0126,2022-08-18,1545.14,Shipped
O0962,C0416,2023-12-17,634.49,Cancelled
O0963,C0303,2024-08-12,3512.43,Cancelled
O0964,C0479,2024-02-12,2398.26,Pending
O0965,C0101,2022-04-14,2366.47,Shipped
O0966,C0337,2022-12-12,4354.31,Pending
O0967,C0126,2023-08-02,1305.01,Pending
O0968,C0117,2024-07-10,4528.49,Shipped
O0969,C0308,2023-12-10,4327.71,Shipped
O0970,C0095,2023-07-20,4631.77,Delivered
O0971,C0480,2022-08-16,554.39,Delivered
O0972,C0272,2022-10-05,3836.11,Shipped
O0973,C0461,2024-07-03,3010.63,Delivered
O0974,C0067,2024-06-15,2755.18,Delivered
O0975,C0121,2023-08-29,407.8,Delivered
O0976,C0429,2022-11-28,1049.75,Delivered
O0977,C0062,2022-06-04,2151.91,Delivered
O0978,C0405,2021-12-31,4878.66,Delivered
O0979,C0304,2024-11-20,4063.9,Pending
O0980,C0356,2022-11-14,2284.02,Cancelled
O0981,C0469,2022-08-28,2168.22,Pending
O0982,C0230,2023-07-07,774.57,Pending
O0983,C0271,2022-07-29,3266.78,Cancelled
O0984,C0476,2023-05-05,3079.54,Shipped
O0985,C0096,2024-08-07,2704.27,Shipped
O0986,C0159,2022-11-27,3869.84,Shipped
O0987,C0345,2024-02-18,225.97,Cancelled
O0988,C0412,2024-07-24,2074.07,Shipped
O0989,C0168,2022-01-17,1730.22,Cancelled
O0990,C0375,2023-02-04,207.84,Pending
O0991,C0086,2024-09-13,1007.97,Pending
O0992,C0274,2023-03-24,4943.51,Shipped
O0993,C0400,2022-02-27,235.35,Pending
O0994,C0061,2024-04-23,4540.4,Pending
O0995,C0465,2022-10-24,4188.41,Shipped
O0996,C0235,2024-08-04,3954.55,Delivered
O0997,C0334,2022-06-03,2414.29,Cancelled
O0998,C0275,2023-01-20,543.59,Delivered
O0999,C0033,2021-12-13,4944.3,Shipped
O1000,C0180,2022-05-24,3878.01,Delivered
O1001,C0185,2024-03-18,2542.89,Cancelled
O1002,C0345,2023-01-31,2756.25,Pending
O1003,C0011,2022-12-06,4501.69,Cancelled
O1004,C0124,2024-05-03,4500.93,Cancelled
O1005,C0161,2023-02-10,303.32,Pending
O1006,C0200,2022-07-30,3952.16,Shipped
O1007,C0278,2022-01-10,3514.79,Shipped
O1008,C0179,2024-08-07,2721.67,Cancelled
O1009,C0237,2024-09-06,4915.28,Shipped
O1010,C0294,2024-02-21,3040.0,Delivered
O1011,C0438,2023-05-04,799.22,Pending
O1012,C0241,2023-03-29,1440.86,Shipped
O1013,C0050,2023-05-17,2081.56,Pending
O1014,C0466,2022-06-18,230.32,Cancelled
O1015,C0205,2023-03-06,4792.54,Cancelled
O1016,C0184,2023-07-27,637.01,Cancelled
O1017,C0477,2024-03-04,4172.54,Pending
O1018,C0177,2024-09-20,4762.23,Shipped
O1019,C0110,2023-01-15,2253.45,Pending
O1020,C0090,2024-03-29,981.72,Shipped
O1021,C0467,2022-03-15,4599.13,Pending
O1022,C0399,2023-01-15,3992.16,Cancelled
O1023,C0112,2023-05-20,4889.66,Pending
O1024,C0054,2023-01-10,851.77,Cancelled
O1025,C0245,2023-10-31,3476.77,Delivered
O1026,C0354,2022-10-05,848.58,Shipped
O1027,C0375,2022-09-20,1665.28,Pending
O1028,C0056,2023-05-10,3202.61,Pending
O1029,C0114,2024-01-30,3518.47,Delivered
O1030,C0394,2024-03-21,3230.52,Delivered
O1031,C0218,2023-09-25,3975.8,Delivered
O1032,C0348,2023-05-15,623.46,Delivered
O1033,C0412,2023-11-06,1605.05,Delivered
O1034,C0055,2023-02-08,1281.76,Delivered
O1035,C0032,2022-08-19,1744.18,Cancelled
O1036,C0345,2022-05-20,3759.54,Shipped
O1037,C0217,2024-05-13,2249.35,Delivered
O1038,C0178,2023-11-03,1404.06,Pending
O1039,C0274,2022-04-08,3534.35,Delivered
O1040,C0309,2024-08-25,2858.51,Delivered
O1041,C0285,2024-06-14,3239.8,Shipped
O1042,C0178,2022-10-10,492.24,Shipped
O1043,C0205,2024-10-11,4490.2,Delivered
O1044,C0314,2022-11-03,1573.18,Cancelled
O1045,C0451,2022-12-18,158.41,Cancelled
O1046,C0229,2022-07-13,1630.94,Pending
O1047,C0467,2022-08-27,574.88,Delivered
O1048,C0217,2021-12-12,1734.48,Shipped
O1049,C0460,2024-01-15,1194.35,Delivered
O1050,C0046,2022-10-01,4508.85,Cancelled
O1051,C0403,2023-10-18,4464.64,Shipped
O1052,C0319,2022-06-02,491.91,Delivered
O1053,C0399,2024-03-11,2544.03,Cancelled
O1054,C0095,2022-12-10,3520.29,Shipped
O1055,C0344,2023-08-17,1452.01,Pending
O1056,C0051,2023-06-06,178.92,Cancelled
O1057,C0138,2024-11-06,332.75,Cancelled
O1058,C0389,2023-10-17,1369.74,Cancelled
O1059,C0330,2022-12-21,1224.43,Delivered
O1060,C0475,2024-10-01,4599.04,Shipped
O1061,C0161,2022-09-18,3511.71,Cancelled
O1062,C0041,2024-02-20,2226.95,Pending
O1063,C0413,2022-12-16,663.97,Cancelled
O1064,C0006,2022-04-26,3582.81,Pending
O1065,C0159,2023-02-13,2249.74,Delivered
O1066,C0085,2022-06-25,471.11,Shipped
O1067,C0402,2023-04-20,2933.3,Shipped
O1068,C0338,2023-11-29,3312.68,Shipped
O1069,C0326,2023-02-25,4549.98,Shipped
O1070,C0489,2023-01-18,360.54,Pending
O1071,C0339,2022-10-23,241.75,Shipped
O1072,C0421,2024-03-07,2751.49,Pending
O1073,C0233,2023-06-25,3731.77,Delivered
O1074,C0147,2023-09-28,2274.51,Cancelled
O1075,C0405,2023-09-05,3666.01,Cancelled
O1076,C0284,2024-11-13,4517.68,Pending
O1077,C0399,2023-02-20,3688.58,Delivered
O1078,C0417,2022-05-20,3125.59,Cancelled
O1079,C0485,2024-02-03,80.51,Shipped
O1080,C0006,2023-06-22,4467.45,Shipped
O1081,C0232,2024-03-05,2172.52,Shipped
O1082,C0299,2023-01-15,4458.73,Delivered
O1083,C0397,2022-12-02,3043.88,Pending
O1084,C0425,2024-10-29,2196.26,Cancelled
O1085,C0265,2023-10-13,624.67,Cancelled
O1086,C0360,2023-04-18,1044.86,Pending
O1087,C0085,2024-09-16,4121.68,Delivered
O1088,C0341,2023-04-13,2037.61,Delivered
O1089,C0287,2022-08-01,2807.71,Shipped
O1090,C0011,2022-02-02,1960.45,Delivered
O1091,C0412,2024-05-20,3486.23,Delivered
O1092,C0356,2023-09-09,827.34,Pending
O1093,C0366,2024-03-16,2377.29,Pending
O1094,C0195,2022-05-28,3915.51,Pending
O1095,C0157,2024-04-09,4884.75,Pending
O1096,C0039,2024-02-10,2837.74,Cancelled
O1097,C0429,2024-10-22,4612.23,Pending
O1098,C0224,2022-02-01,4041.11,Delivered
O1099,C0437,2022-10-09,1559.01,Delivered
O1100,C0469,2022-12-03,105.75,Delivered
O1101,C0066,2023-04-17,777.39,Delivered
O1102,C0418,2023-01-08,4121.55,Delivered
O1103,C0204,2023-03-03,4997.78,Cancelled
O1104,C0050,2022-09-20,1056.35,Delivered
O1105,C0381,2024-01-03,4460.94,Pending
O1106,C0136,2022-11-09,1346.57,Cancelled
O1107,C0151,2023-06-02,4907.55,Cancelled
O1108,C0063,2024-10-20,86.93,Shipped
O1109,C0096,2024-06-07,3315.78,Pending
O1110,C0299,2024-10-26,2886.7,Cancelled
O1111,C0388,2024-08-29,3651.5,Pending
O1112,C0221,2023-03-07,1808.72,Cancelled
O1113,C0446,2024-07-26,4792.77,Cancelled
O1114,C0292,2024-06-06,1518.32,Cancelled
O1115,C0096,2023-12-23,2501.36,Cancelled
O1116,C0490,2022-04-27,4750.8,Pending
O1117,C0043,2023-03-15,2475.31,Cancelled
O1118,C0208,2022-06-02,4616.33,Pending
O1119,C0348,2023-11-05,1541.14,Delivered
O1120,C0275,2022-04-18,4769.79,Delivered
O1121,C0450,2023-07-24,2368.19,Pending
O1122,C0010,2022-08-03,705.68,Pending
O1123,C0029,2024-01-19,1464.97,Delivered
O1124,C0428,2024-05-30,3707.89,Pending
O1125,C0320,2024-09-04,3770.47,Pending
O1126,C0008,2023-12-05,1072.09,Cancelled
O1127,C0034,2024-12-03,3845.35,Cancelled
O1128,C0110,2022-08-23,381.14,Delivered
O1129,C0134,2023-11-25,4861.29,Cancelled
O1130,C0391,2023-04-23,2489.02,Shipped
O1131,C0138,2024-04-30,1055.2,Cancelled
O1132,C0456,2022-03-11,4860.89,Pending
O1133,C0170,2023-03-16,2122.1,Cancelled
O1134,C0116,2022-01-30,4336.57,Shipped
O1135,C0029,2024-02-29,4831.54,Delivered
O1136,C0320,2023-11-14,1971.86,Cancelled
O1137,C0478,2023-12-25,4090.31,Pending
O1138,C0221,2023-06-14,3492.94,Pending
O1139,C0240,2023-04-13,3096.5,Shipped
O1140,C0031,2024-07-07,686.78,Delivered
O1141,C0341,2022-08-27,2842.2,Delivered
O1142,C0020,2024-02-21,44.27,Delivered
O1143,C0215,2024-06-09,3675.12,Cancelled
O1144,C0356,2023-05-10,341.34,Shipped
O1145,C0314,2023-10-10,1036.74,Cancelled
O1146,C0445,2024-07-15,4255.04,Delivered
O1147,C0420,2024-11-27,1903.58,Pending
O1148,C0198,2022-08-30,1944.27,Shipped
O1149,C0455,2024-06-28,4023.44,Cancelled
O1150,C0244,2022-06-20,3493.14,Delivered
O1151,C0412,2023-06-17,2757.72,Cancelled
O1152,C0190,2023-07-31,2950.2,Pending
O1153,C0241,2023-03-09,1058.93,Delivered
O1154,C0069,2023-03-27,2424.01,Delivered
O1155,C0131,2022-02-16,3470.48,Delivered
O1156,C0140,2022-11-01,3275.43,Shipped
O1157,C0014,2024-01-14,1213.22,Cancelled
O1158,C0490,2024-07-26,4372.33,Delivered
O1159,C0157,2023-07-21,832.42,Cancelled
O1160,C0106,2022-08-09,4954.42,Pending
O1161,C0065,2022-11-01,873.7,Pending
O1162,C0498,2024-10-16,2679.34,Pending
O1163,C0344,2022-07-13,2187.53,Delivered
O1164,C0309,2022-12-18,2971.83,Cancelled
O1165,C0046,2024-10-25,4866.97,Shipped
O1166,C0074,2023-06-14,3790.17,Cancelled
O1167,C0384,2024-07-08,3878.16,Pending
O1168,C0188,2024-09-28,2364.5,Pending
O1169,C0427,2023-11-05,3617.13,Shipped
O1170,C0112,2022-11-12,4026.63,Shipped
O1171,C0422,2023-03-11,1099.82,Delivered
O1172,C0430,2024-09-30,4607.24,Cancelled
O1173,C0287,2023-12-17,1340.88,Shipped
O1174,C0124,2022-06-23,1981.67,Shipped
O1175,C0423,2023-05-15,2253.72,Cancelled
O1176,C0377,2022-11-27,267.98,Shipped
O1177,C0496,2022-06-30,2164.94,Pending
O1178,C0343,2024-07-17,3906.86,Pending
O1179,C0104,2024-09-15,1423.02,Pending
O1180,C0040,2023-03-09,1986.75,Delivered
O1181,C0499,2022-03-03,3803.64,Cancelled
O1182,C0380,2024-11-03,4272.62,Cancelled
O1183,C0481,2023-09-04,1446.14,Delivered
O1184,C0453,2023-06-04,4270.5,Cancelled
O1185,C0029,2024-03-16,4624.83,Shipped
O1186,C0114,2023-10-07,802.38,Delivered
O1187,C0057,2023-03-13,3063.22,Pending
O1188,C0174,2024-05-26,4217.81,Shipped
O1189,C0105,2023-09-26,3734.4,Delivered
O1190,C0403,2024-02-14,3026.22,Shipped
O1191,C0410,2022-11-05,1932.89,Delivered
O1192,C0215,2022-11-23,4510.11,Delivered
O1193,C0387,2023-09-15,1417.48,Pending
O1194,C0068,2024-02-19,4327.2,Cancelled
O1195,C0073,2024-11-16,4568.89,Pending
O1196,C0108,2023-01-19,2935.88,Cancelled
O1197,C0459,2024-06-06,1122.21,Pending
O1198,C0097,2022-06-28,2612.37,Shipped
O1199,C0348,2022-09-12,466.33,Delivered
O1200,C0015,2023-10-09,2772.1,Delivered
O1201,C0107,2022-02-11,2507.72,Cancelled
O1202,C0143,2024-07-22,4599.55,Pending
O1203,C0308,2023-11-30,4046.98,Cancelled
O1204,C0096,2024-05-04,357.07,Delivered
O1205,C0484,2022-03-23,2989.45,Delivered
O1206,C0143,2023-04-14,1863.59,Shipped
O1207,C0096,2023-09-27,2103.46,Shipped
O1208,C0224,2022-05-13,64.47,Cancelled
O1209,C0274,2024-08-05,2210.83,Cancelled
O1210,C0241,2023-06-30,4062.6,Delivered
O1211,C0117,2022-07-05,379.79,Cancelled
O1212,C0017,2023-07-26,3370.56,Delivered
O1213,C0130,2022-12-21,4106.63,Delivered
O1214,C0127,2022-12-11,1386.23,Shipped
O1215,C0330,2022-09-15,2137.82,Cancelled
O1216,C0423,2022-11-15,2334.13,Shipped
O1217,C0067,2023-08-25,4930.61,Cancelled
O1218,C0447,2024-04-30,3425.83,Cancelled
O1219,C0184,2024-07-05,4280.5,Shipped
O1220,C0225,2023-09-20,1764.81,Cancelled
O1221,C0180,2023-03-26,170.43,Delivered
O1222,C0480,2023-12-24,3730.04,Pending
O1223,C0474,2023-07-17,4898.11,Pending
O1224,C0459,2022-04-26,1298.96,Pending
O1225,C0116,2023-11-05,2839.66,Delivered
O1226,C0489,2022-11-15,1665.64,Shipped
O1227,C0021,2024-04-28,4554.34,Shipped
O1228,C0371,2023-05-22,4019.29,Shipped
O1229,C0362,2024-07-02,237.36,Cancelled
O1230,C0023,2024-04-30,1395.1,Delivered
O1231,C0100,2023-08-16,3677.91,Delivered
O1232,C0138,2024-02-04,4484.82,Cancelled
O1233,C0342,2024-12-01,416.26,Delivered
O1234,C0229,2023-05-04,4998.76,Delivered
O1235,C0377,2024-06-24,1562.22,Delivered
O1236,C0374,2023-06-07,2230.95,Pending
O1237,C0367,2023-06-06,3116.12,Delivered
O1238,C0286,2023-09-06,547.26,Shipped
O1239,C0451,2022-09-20,4297.95,Pending
O1240,C0434,2024-03-01,327.99,Delivered
O1241,C0142,2024-03-11,1458.07,Delivered
O1242,C0491,2022-10-15,523.58,Shipped
O1243,C0071,2021-12-30,394.02,Shipped
O1244,C0088,2023-09-27,1286.27,Delivered
O1245,C0036,2021-12-15,63.46,Delivered
O1246,C0035,2023-01-04,640.82,Delivered
O1247,C0095,2023-11-14,2701.97,Delivered
O1248,C0333,2024-03-09,710.71,Shipped
O1249,C0397,2023-02-20,531.04,Cancelled
O1250,C0464,2024-01-25,4620.59,Cancelled
O1251,C0474,2022-03-27,4472.44,Delivered
O1252,C0134,2024-11-22,4671.15,Delivered
O1253,C0252,2022-10-13,3560.05,Pending
O1254,C0390,2023-12-31,1443.06,Cancelled
O1255,C0212,2024-10-08,1988.63,Cancelled
O1256,C0170,2023-02-12,3224.4,Pending
O1257,C0004,2023-07-26,3362.18,Cancelled
O1258,C0020,2023-04-30,379.36,Shipped
O1259,C0470,2022-12-24,1852.63,Shipped
O1260,C0137,2024-01-27,3705.22,Shipped
O1261,C0437,2022-08-07,919.8,Pending
O1262,C0126,2023-11-01,2737.91,Cancelled
O1263,C0390,2023-12-24,3891.29,Pending
O1264,C0180,2023-05-20,2105.5,Shipped
O1265,C0471,2022-07-04,4951.56,Pending
O1266,C0224,2023-10-18,1013.12,Shipped
O1267,C0104,2022-11-08,897.67,Shipped
O1268,C0336,2024-11-22,3217.28,Pending
O1269,C0067,2024-11-30,3792.57,Shipped
O1270,C0180,2023-12-10,2331.78,Cancelled
O1271,C0437,2024-09-08,130.95,Delivered
O1272,C0162,2022-07-15,1593.81,Shipped
O1273,C0152,2023-06-17,445.61,Shipped
O1274,C0396,2024-02-08,3796.34,Delivered
O1275,C0041,2022-06-15,2297.23,Pending
O1276,C0192,2023-01-20,3932.24,Cancelled
O1277,C0058,2023-02-15,685.85,Cancelled
O1278,C0055,2024-12-02,1659.98,Shipped
O1279,C0105,2022-11-06,868.4,Pending
O1280,C0001,2022-11-24,1511.18,Pending
O1281,C0313,2024-06-19,4024.28,Shipped
O1282,C0492,2022-04-14,3831.21,Pending
O1283,C0378,2023-01-12,2768.52,Cancelled
O1284,C0420,2024-05-09,2072.15,Shipped
O1285,C0267,2024-01-17,4138.55,Cancelled
O1286,C0140,2022-12-03,3322.15,Cancelled
O1287,C0001,2023-05-27,2485.31,Shipped
O1288,C0330,2024-11-18,4293.48,Shipped
O1289,C0340,2024-08-18,634.1,Cancelled
O1290,C0401,2023-03-11,1612.14,Pending
O1291,C0121,2022-02-05,1315.31,Pending
O1292,C0194,2022-02-27,4418.44,Pending
O1293,C0282,2023-03-04,4251.75,Shipped
O1294,C0160,2024-04-23,4624.34,Cancelled
O1295,C0001,2024-07-27,2112.55,Delivered
O1296,C0434,2023-11-27,2806.61,Cancelled
O1297,C0228,2024-09-01,4380.01,Delivered
O1298,C0224,2022-04-04,4152.1,Delivered
O1299,C0215,2024-04-21,211.51,Pending
O1300,C0440,2024-01-03,3771.24,Delivered
O1301,C0398,2024-11-01,2800.37,Shipped
O1302,C0497,2024-10-08,1036.27,Pending
O1303,C0267,2024-10-24,4974.82,Cancelled
O1304,C0141,2022-08-28,3302.27,Shipped
O1305,C0297,2024-07-02,4837.47,Delivered
O1306,C0245,2022-10-14,2234.96,Pending
O1307,C0129,2022-07-25,4897.81,Delivered
O1308,C0003,2024-10-17,2406.85,Pending
O1309,C0454,2024-10-10,3560.35,Pending
O1310,C0028,2022-08-03,2823.24,Cancelled
O1311,C0192,2023-06-30,3464.16,Shipped
O1312,C0008,2022-04-01,1490.2,Delivered
O1313,C0081,2023-11-02,1386.31,Shipped
O1314,C0270,2023-03-05,472.22,Shipped
O1315,C0011,2022-06-04,376.88,Cancelled
O1316,C0452,2022-11-02,4607.46,Cancelled
O1317,C0260,2024-09-25,2358.97,Delivered
O1318,C0201,2023-09-13,742.61,Shipped
O1319,C0037,2022-06-11,2645.97,Cancelled
O1320,C0035,2023-05-16,1453.59,Pending
O1321,C0328,2022-02-02,4885.34,Shipped
O1322,C0253,2023-07-16,4037.83,Shipped
O1323,C0175,2024-07-10,4658.23,Cancelled
O1324,C0443,2022-03-12,1802.23,Cancelled
O1325,C0474,2022-02-04,3895.53,Cancelled
O1326,C0078,2023-10-18,1554.17,Cancelled
O1327,C0347,2022-04-18,656.11,Delivered
O1328,C0308,2022-09-19,953.54,Shipped
O1329,C0040,2023-02-19,2215.57,Cancelled
O1330,C0467,2024-04-06,4179.59,Cancelled
O1331,C0081,2024-11-15,2559.64,Cancelled
O1332,C0034,2022-12-22,234.71,Pending
O1333,C0223,2022-05-15,4059.59,Cancelled
O1334,C0213,2023-08-18,1384.1,Delivered
O1335,C0120,2022-08-01,4957.89,Shipped
O1336,C0123,2024-11-22,4276.71,Cancelled
O1337,C0277,2022-03-31,645.89,Pending
O1338,C0378,2023-04-21,3859.03,Pending
O1339,C0416,2023-07-03,4918.85,Shipped
O1340,C0417,2023-10-11,468.58,Delivered
O1341,C0404,2022-01-30,4930.42,Cancelled
O1342,C0079,2024-10-09,1953.74,Delivered
O1343,C0161,2024-11-30,3294.17,Cancelled
O1344,C0402,2024-08-08,3019.43,Cancelled
O1345,C0289,2022-11-20,294.34,Pending
O1346,C0128,2023-06-22,1022.27,Delivered
O1347,C0209,2024-06-01,2370.3,Delivered
O1348,C0261,2024-07-18,3810.0,Pending
O1349,C0115,2023-07-02,499.93,Pending
O1350,C0007,2024-07-03,3841.4,Delivered
O1351,C0333,2023-03-15,4410.75,Pending
O1352,C0337,2024-04-18,1733.47,Delivered
O1353,C0315,2022-03-23,2340.87,Cancelled
O1354,C0263,2022-12-10,2408.73,Delivered
O1355,C0095,2022-03-22,4327.3,Delivered
O1356,C0306,2024-04-27,2451.52,Shipped
O1357,C0500,2024-01-23,1138.66,Shipped
O1358,C0074,2022-04-11,2767.49,Pending
O1359,C0390,2024-01-23,2730.37,Cancelled
O1360,C0095,2023-03-10,3595.23,Cancelled
O1361,C0329,2024-02-26,2670.14,Pending
O1362,C0462,2022-12-04,1719.94,Cancelled
O1363,C0197,2022-01-14,578.69,Delivered
O1364,C0357,2024-08-27,2650.58,Pending
O1365,C0128,2024-05-23,715.7,Pending
O1366,C0444,2024-11-13,422.95,Pending
O1367,C0134,2021-12-27,66.39,Pending
O1368,C0389,2022-10-24,2293.59,Shipped
O1369,C0346,2022-03-01,2972.66,Pending
O1370,C0094,2024-08-19,4678.52,Delivered
O1371,C0060,2024-06-04,3693.18,Pending
O1372,C0198,2022-08-06,3904.82,Pending
O1373,C0141,2022-12-15,1737.42,Delivered
O1374,C0128,2024-10-01,2976.38,Pending
O1375,C0395,2024-01-14,2428.81,Pending
O1376,C0205,2023-12-14,4490.83,Shipped
O1377,C0025,2022-05-28,400.24,Cancelled
O1378,C0361,2022-12-19,3554.89,Pending
O1379,C0277,2022-08-26,3634.86,Delivered
O1380,C0158,2024-03-27,4308.36,Delivered
O1381,C0235,2022-09-15,1980.07,Delivered
O1382,C0459,2023-03-23,3974.42,Cancelled
O1383,C0307,2023-12-23,1893.26,Delivered
O1384,C0240,2024-09-29,990.53,Delivered
O1385,C0097,2024-05-18,2792.8,Shipped
O1386,C0380,2022-07-05,2357.46,Cancelled
O1387,C0276,2021-12-09,2093.17,Shipped
O1388,C0001,2023-03-26,1081.3,Pending
O1389,C0036,2024-08-05,2913.43,Cancelled
O1390,C0128,2023-04-30,41.53,Shipped
O1391,C0420,2024-01-07,2892.51,Cancelled
O1392,C0415,2022-10-03,2477.76,Delivered
O1393,C0280,2023-07-30,1483.68,Cancelled
O1394,C0499,2023-01-18,3085.89,Cancelled
O1395,C0065,2022-03-30,588.93,Pending
O1396,C0058,2022-08-26,2964.57,Shipped
O1397,C0224,2022-07-07,4564.87,Shipped
O1398,C0086,2023-05-06,4582.15,Cancelled
O1399,C0317,2022-04-27,3567.63,Delivered
O1400,C0355,2024-05-02,1002.32,Delivered
O1401,C0464,2024-10-30,179.06,Pending
O1402,C0211,2022-03-09,93.17,Pending
O1403,C0281,2022-06-15,4170.87,Cancelled
O1404,C0332,2024-08-14,4634.59,Shipped
O1405,C0365,2022-09-10,4961.96,Delivered
O1406,C0452,2022-11-16,3630.97,Delivered
O1407,C0277,2023-02-22,3162.86,Delivered
O1408,C0367,2024-02-23,1624.2,Cancelled
O1409,C0379,2024-02-29,624.25,Cancelled
O1410,C0327,2023-06-24,3493.82,Shipped
O1411,C0194,2022-12-21,4257.96,Delivered
O1412,C0434,2024-10-23,4497.67,Shipped
O1413,C0500,2024-02-01,2420.09,Cancelled
O1414,C0152,2024-04-09,3157.64,Pending
O1415,C0387,2024-06-19,2580.34,Cancelled
O1416,C0015,2023-05-22,173.7,Delivered
O1417,C0360,2021-12-10,1654.93,Cancelled
O1418,C0155,2022-03-10,488.24,Cancelled
O1419,C0485,2023-08-23,1077.05,Delivered
O1420,C0006,2022-07-12,1607.51,Delivered
O1421,C0043,2022-01-20,1887.49,Delivered
O1422,C0065,2024-05-25,2022.68,Delivered
O1423,C0061,2023-11-04,1927.46,Pending
O1424,C0427,2023-01-17,856.89,Cancelled
O1425,C0379,2023-04-27,271.44,Cancelled
O1426,C0446,2024-07-27,3166.84,Pending
O1427,C0376,2022-08-04,620.54,Pending
O1428,C0161,2024-07-30,2350.88,Pending
O1429,C0474,2023-02-21,4243.55,Pending
O1430,C0280,2023-08-26,2091.56,Shipped
O1431,C0214,2022-12-18,3495.42,Cancelled
O1432,C0327,2023-01-06,3741.6,Shipped
O1433,C0468,2024-09-06,1236.17,Shipped
O1434,C0437,2023-03-09,2508.6,Shipped
O1435,C0031,2022-09-01,862.47,Cancelled
O1436,C0500,2024-08-23,1781.55,Cancelled
O1437,C0426,2024-07-12,2902.75,Delivered
O1438,C0421,2024-08-05,2344.52,Delivered
O1439,C0376,2023-07-13,955.43,Cancelled
O1440,C0303,2023-02-03,4229.94,Pending
O1441,C0075,2024-09-15,3093.56,Shipped
O1442,C0414,2023-09-13,2703.48,Shipped
O1443,C0389,2022-07-15,3515.98,Delivered
O1444,C0268,2023-11-10,3855.24,Cancelled
O1445,C0041,2022-10-18,3701.04,Pending
O1446,C0347,2022-06-10,3053.32,Delivered
O1447,C0186,2022-04-22,1627.36,Delivered
O1448,C0352,2022-03-07,3254.98,Cancelled
O1449,C0343,2022-04-06,4741.79,Pending
O1450,C0128,2024-07-26,4271.64,Shipped
O1451,C0308,2024-05-14,2609.79,Delivered
O1452,C0279,2024-03-13,2159.44,Shipped
O1453,C0083,2024-10-26,3603.83,Cancelled
O1454,C0046,2023-01-23,2545.17,Pending
O1455,C0229,2023-11-02,4799.07,Shipped
O1456,C0389,2023-04-08,3554.43,Delivered
O1457,C0246,2022-06-30,61.38,Cancelled
O1458,C0043,2023-03-29,4397.65,Cancelled
O1459,C0365,2024-10-19,3606.09,Shipped
O1460,C0019,2023-06-27,3282.81,Pending
O1461,C0180,2022-04-14,1223.9,Pending
O1462,C0444,2022-06-09,3027.5,Cancelled
O1463,C0339,2024-01-20,4508.93,Shipped
O1464,C0364,2023-10-08,1163.73,Cancelled
O1465,C0312,2024-03-31,1898.26,Delivered
O1466,C0435,2023-02-08,2664.45,Shipped
O1467,C0102,2023-02-22,1418.4,Pending
O1468,C0029,2024-04-15,182.34,Delivered
O1469,C0144,2023-01-03,3382.06,Shipped
O1470,C0373,2021-12-30,812.3,Delivered
O1471,C0004,2021-12-10,3643.28,Pending
O1472,C0064,2024-03-28,3686.3,Cancelled
O1473,C0241,2023-04-18,4226.22,Delivered
O1474,C0239,2024-11-12,4854.33,Shipped
O1475,C0245,2024-09-27,1508.78,Pending
O1476,C0094,2023-06-19,2840.71,Cancelled
O1477,C0068,2024-10-10,1506.35,Pending
O1478,C0474,2022-06-27,4981.37,Cancelled
O1479,C0085,2022-07-08,221.68,Shipped
O1480,C0284,2022-02-13,2093.59,Cancelled
O1481,C0344,2024-10-31,602.16,Shipped
O1482,C0076,2022-06-15,4140.3,Pending
O1483,C0368,2022-01-06,2326.71,Pending
O1484,C0195,2023-05-21,1804.83,Cancelled
O1485,C0049,2024-07-20,4510.64,Pending
O1486,C0109,2022-04-30,247.63,Shipped
O1487,C0001,2023-04-06,1097.87,Cancelled
O1488,C0211,2022-05-12,3555.23,Shipped
O1489,C0480,2022-12-06,2288.18,Shipped
O1490,C0349,2023-01-31,1486.72,Delivered
O1491,C0322,2022-05-18,4569.02,Shipped
O1492,C0377,2023-01-08,3146.54,Delivered
O1493,C0301,2023-06-09,1320.44,Delivered
O1494,C0033,2024-08-02,4633.3,Delivered
O1495,C0086,2022-10-24,165.0,Shipped
O1496,C0065,2022-07-23,715.77,Shipped
O1497,C0123,2022-07-05,405.05,Shipped
O1498,C0476,2024-07-28,1879.3,Pending
O1499,C0144,2023-03-16,2787.25,Pending
O1500,C0006,2022-04-16,2642.59,Delivered
O1501,C0304,2024-01-30,217.0,Pending
O1502,C0361,2024-08-26,1467.74,Cancelled
O1503,C0084,2022-02-12,1092.28,Cancelled
O1504,C0459,2024-07-05,4725.74,Cancelled
O1505,C0259,2023-10-11,4550.8,Pending
O1506,C0488,2022-01-17,109.01,Shipped
O1507,C0060,2024-08-10,1937.32,Shipped
O1508,C0486,2022-01-19,159.17,Shipped
O1509,C0240,2023-01-11,4199.77,Shipped
O1510,C0142,2023-03-23,3276.43,Cancelled
O1511,C0301,2023-02-21,3673.61,Shipped
O1512,C0046,2022-09-03,4610.56,Delivered
O1513,C0348,2022-12-24,1908.52,Cancelled
O1514,C0163,2022-07-04,3064.38,Pending
O1515,C0431,2022-10-15,2170.0,Pending
O1516,C0468,2022-06-26,4588.25,Pending
O1517,C0008,2024-09-03,4441.75,Cancelled
O1518,C0009,2024-04-24,4163.66,Shipped
O1519,C0090,2024-11-22,3644.32,Pending
O1520,C0035,2023-08-06,4422.73,Delivered
O1521,C0258,2022-01-30,3223.48,Cancelled
O1522,C0353,2023-08-04,2367.81,Delivered
O1523,C0355,2023-01-12,366.82,Cancelled
O1524,C0370,2022-09-04,1222.92,Shipped
O1525,C0318,2024-03-08,3849.73,Pending
O1526,C0212,2023-05-17,2603.23,Pending
O1527,C0273,2023-05-07,1857.72,Shipped
O1528,C0170,2024-05-21,2876.77,Shipped
O1529,C0149,2023-04-06,1437.36,Cancelled
O1530,C0487,2023-08-27,1488.64,Pending
O1531,C0413,2023-08-26,4850.36,Pending
O1532,C0198,2024-04-28,29.89,Shipped
O1533,C0304,2024-10-01,2144.03,Delivered
O1534,C0171,2023-04-11,311.09,Cancelled
O1535,C0084,2024-06-25,836.82,Pending
O1536,C0154,2022-12-20,3445.07,Delivered
O1537,C0049,2022-09-26,4895.4,Pending
O1538,C0048,2022-12-05,1334.75,Pending
O1539,C0428,2024-09-09,3338.66,Cancelled
O1540,C0193,2022-04-28,4254.37,Cancelled
O1541,C0243,2023-09-07,922.99,Pending
O1542,C0498,2024-10-21,1882.42,Pending
O1543,C0162,2022-01-22,4428.05,Pending
O1544,C0254,2022-05-13,4727.9,Delivered
O1545,C0416,2024-04-02,624.65,Pending
O1546,C0163,2022-12-07,811.39,Pending
O1547,C0082,2024-03-28,132.52,Delivered
O1548,C0492,2024-01-26,2701.79,Delivered
O1549,C0016,2023-06-03,1235.59,Delivered
O1550,C0109,2022-11-27,3024.53,Delivered
O1551,C0058,2022-01-01,4386.49,Shipped
O1552,C0041,2024-08-04,115.85,Pending
O1553,C0093,2022-05-16,4183.19,Delivered
O1554,C0458,2023-09-08,2996.11,Cancelled
O1555,C0267,2023-11-18,2698.86,Pending
O1556,C0127,2022-05-22,1741.23,Cancelled
O1557,C0384,2022-11-09,3977.38,Pending
O1558,C0005,2024-09-09,3207.6,Pending
O1559,C0009,2024-05-26,532.76,Delivered
O1560,C0013,2024-09-15,4374.95,Cancelled
O1561,C0234,2023-08-12,749.5,Pending
O1562,C0388,2024-11-08,4251.96,Pending
O1563,C0484,2024-06-01,4572.23,Shipped
O1564,C0130,2022-06-18,4040.28,Cancelled
O1565,C0290,2023-05-26,1331.68,Shipped
O1566,C0473,2024-03-24,3354.49,Cancelled
O1567,C0221,2023-10-12,3526.01,Delivered
O1568,C0065,2022-11-18,3774.94,Cancelled
O1569,C0199,2022-01-22,1712.98,Cancelled
O1570,C0335,2023-08-04,307.03,Cancelled
O1571,C0057,2024-07-26,38.18,Pending
O1572,C0396,2024-06-25,2975.21,Delivered
O1573,C0442,2023-08-26,1448.54,Cancelled
O1574,C0089,2022-02-08,3402.12,Shipped
O1575,C0208,2024-04-12,1303.33,Cancelled
O1576,C0060,2024-04-22,3616.52,Shipped
O1577,C0175,2023-06-11,1157.64,Delivered
O1578,C0435,2023-05-21,20.3,Pending
O1579,C0444,2023-12-01,2972.19,Cancelled
O1580,C0155,2022-06-04,3947.93,Delivered
O1581,C0127,2024-03-21,4371.02,Pending
O1582,C0428,2024-05-18,2182.5,Shipped
O1583,C0307,2023-11-24,4371.88,Shipped
O1584,C0342,2022-05-16,1534.41,Cancelled
O1585,C0443,2024-08-15,4361.59,Shipped
O1586,C0070,2022-12-10,1536.39,Delivered
O1587,C0263,2023-09-07,4019.45,Shipped
O1588,C0108,2024-03-31,2870.72,Pending
O1589,C0073,2024-07-17,4360.01,Delivered
O1590,C0456,2023-09-23,3695.46,Delivered
O1591,C0301,2024-08-16,1402.43,Pending
O1592,C0473,2022-05-28,440.05,Shipped
O1593,C0416,2023-01-23,4165.94,Pending
O1594,C0313,2022-01-17,1108.71,Pending
O1595,C0393,2024-06-15,4530.15,Cancelled
O1596,C0157,2023-05-22,266.87,Delivered
O1597,C0390,2022-12-25,1379.81,Shipped
O1598,C0477,2022-03-03,1717.08,Pending
O1599,C0491,2023-09-15,649.38,Pending
O1600,C0436,2021-12-05,1977.02,Shipped
O1601,C0091,2021-12-19,3050.97,Pending
O1602,C0026,2022-11-07,684.73,Cancelled
O1603,C0233,2024-04-14,4958.43,Pending
O1604,C0474,2023-03-06,4417.08,Shipped
O1605,C0385,2023-02-09,2339.37,Delivered
O1606,C0303,2022-08-23,2340.85,Shipped
O1607,C0188,2024-08-24,458.23,Delivered
O1608,C0036,2023-02-24,4386.41,Cancelled
O1609,C0008,2023-01-27,72.71,Cancelled
O1610,C0335,2024-07-19,3314.04,Shipped
O1611,C0470,2022-02-09,4044.41,Delivered
O1612,C0280,2022-12-15,2759.24,Shipped
O1613,C0456,2023-11-18,1128.25,Shipped
O1614,C0381,2023-05-05,744.42,Cancelled
O1615,C0412,2023-02-16,4444.74,Delivered
O1616,C0049,2022-02-16,2153.42,Cancelled
O1617,C0318,2021-12-29,3869.69,Delivered
O1618,C0006,2023-07-10,3222.4,Delivered
O1619,C0479,2023-04-21,3762.52,Cancelled
O1620,C0217,2024-01-01,696.99,Shipped
O1621,C0127,2023-10-18,3968.16,Pending
O1622,C0369,2022-01-01,4132.73,Pending
O1623,C0179,2022-10-29,3822.26,Delivered
O1624,C0438,2023-10-30,3573.29,Delivered
O1625,C0464,2024-03-21,1994.69,Cancelled
O1626,C0050,2023-09-07,3418.28,Cancelled
O1627,C0208,2023-02-15,3969.08,Cancelled
O1628,C0462,2022-08-26,2833.68,Shipped
O1629,C0427,2022-08-16,1569.98,Cancelled
O1630,C0021,2023-01-28,177.29,Shipped
O1631,C0488,2023-12-30,336.58,Shipped
O1632,C0316,2022-12-18,4298.55,Delivered
O1633,C0114,2024-01-17,4401.66,Shipped
O1634,C0217,2023-08-18,390.92,Cancelled
O1635,C0225,2022-07-22,633.8,Shipped
O1636,C0100,2023-08-18,4981.07,Delivered
O1637,C0414,2022-02-14,660.52,Pending
O1638,C0234,2023-01-09,2279.61,Shipped
O1639,C0284,2024-05-28,2388.18,Pending
O1640,C0487,2024-04-22,2007.25,Pending
O1641,C0404,2022-06-05,3125.78,Pending
O1642,C0164,2024-09-09,262.54,Shipped
O1643,C0110,2022-08-24,93.77,Pending
O1644,C0418,2024-11-01,1225.68,Shipped
O1645,C0124,2021-12-14,4321.46,Shipped
O1646,C0065,2024-09-02,3546.04,Pending
O1647,C0018,2022-02-16,146.75,Shipped
O1648,C0143,2022-10-21,2566.53,Pending
O1649,C0251,2022-09-10,4666.63,Cancelled
O1650,C0133,2023-06-28,4925.24,Shipped
O1651,C0067,2022-08-01,3938.27,Delivered
O1652,C0177,2024-10-24,2126.67,Pending
O1653,C0446,2022-10-25,1615.12,Delivered
O1654,C0146,2023-12-04,1420.3,Shipped
O1655,C0231,2022-10-09,112.57,Pending
O1656,C0416,2023-09-22,2927.41,Pending
O1657,C0047,2023-11-16,750.2,Pending
O1658,C0433,2024-07-24,4413.12,Cancelled
O1659,C0267,2024-06-04,1951.77,Delivered
O1660,C0120,2024-09-16,4951.76,Delivered
O1661,C0470,2022-05-28,2008.22,Delivered
O1662,C0450,2024-06-13,4299.95,Shipped
O1663,C0400,2024-03-22,975.11,Cancelled
O1664,C0186,2024-11-28,258.16,Delivered
O1665,C0500,2023-04-02,4472.14,Shipped
O1666,C0359,2024-05-02,4132.57,Cancelled
O1667,C0391,2023-01-23,645.21,Cancelled
O1668,C0481,2022-09-17,2499.18,Delivered
O1669,C0342,2024-08-31,4582.89,Delivered
O1670,C0456,2022-12-05,4835.58,Delivered
O1671,C0189,2024-08-01,713.08,Shipped
O1672,C0097,2024-01-05,2189.45,Pending
O1673,C0423,2022-05-06,2258.71,Shipped
O1674,C0324,2024-05-22,4036.22,Cancelled
O1675,C0213,2022-11-17,1367.38,Shipped
O1676,C0331,2024-04-28,824.65,Shipped
O1677,C0424,2024-06-26,2792.67,Shipped
O1678,C0477,2024-05-27,1095.27,Cancelled
O1679,C0027,2023-06-28,46.71,Delivered
O1680,C0208,2022-04-28,3425.77,Shipped
O1681,C0097,2022-09-13,3450.45,Delivered
O1682,C0089,2023-04-11,2402.09,Cancelled
O1683,C0421,2023-04-02,156.1,Shipped
O1684,C0496,2022-04-26,2996.44,Cancelled
O1685,C0012,2023-01-18,605.0,Pending
O1686,C0381,2022-02-26,3979.92,Delivered
O1687,C0386,2023-09-20,1314.8,Cancelled
O1688,C0250,2023-06-30,2228.37,Delivered
O1689,C0043,2021-12-09,1348.87,Cancelled
O1690,C0069,2024-05-31,1047.33,Delivered
O1691,C0335,2022-03-19,1804.97,Cancelled
O1692,C0094,2022-10-10,875.87,Delivered
O1693,C0231,2023-02-18,3585.51,Shipped
O1694,C0037,2024-05-07,3805.26,Cancelled
O1695,C0069,2023-04-12,2976.17,Pending
O1696,C0157,2023-04-14,4464.38,Cancelled
O1697,C0360,2022-04-22,286.88,Cancelled
O1698,C0404,2023-11-25,2377.13,Shipped
O1699,C0219,2024-08-22,766.54,Cancelled
O1700,C0334,2022-03-01,2738.95,Pending
O1701,C0087,2022-05-16,659.56,Pending
O1702,C0427,2023-08-08,712.15,Cancelled
O1703,C0216,2022-11-18,4684.7,Shipped
O1704,C0318,2022-02-03,4844.71,Cancelled
O1705,C0224,2023-06-25,1775.19,Delivered
O1706,C0376,2024-06-28,700.39,Cancelled
O1707,C0324,2024-08-30,147.17,Cancelled
O1708,C0016,2022-07-15,3812.84,Delivered
O1709,C0370,2023-06-02,4362.05,Shipped
O1710,C0278,2022-06-16,1938.18,Pending
O1711,C0321,2023-08-07,3487.86,Cancelled
O1712,C0301,2024-09-09,269.1,Pending
O1713,C0240,2024-06-20,3685.51,Delivered
O1714,C0151,2023-03-30,1510.33,Shipped
O1715,C0420,2024-04-28,2174.94,Delivered
O1716,C0146,2024-04-05,2090.9,Pending
O1717,C0090,2024-02-20,2665.25,Pending
O1718,C0456,2022-12-28,448.67,Delivered
O1719,C0363,2022-02-26,3336.68,Shipped
O1720,C0498,2023-01-27,4674.65,Cancelled
O1721,C0461,2022-03-20,4524.31,Pending
O1722,C0365,2024-04-08,2912.78,Cancelled
O1723,C0457,2022-07-10,4375.64,Delivered
O1724,C0440,2022-05-03,2197.61,Delivered
O1725,C0091,2022-08-07,4541.22,Shipped
O1726,C0019,2022-03-23,2765.26,Delivered
O1727,C0484,2023-12-05,2337.95,Delivered
O1728,C0171,2022-11-16,3074.66,Cancelled
O1729,C0079,2023-11-26,2336.94,Delivered
O1730,C0017,2023-03-03,481.86,Pending
O1731,C0391,2024-09-27,3358.02,Delivered
O1732,C0045,2023-05-12,2934.2,Shipped
O1733,C0287,2022-04-01,287.68,Pending
O1734,C0395,2023-08-13,848.22,Pending
O1735,C0020,2022-04-19,1165.26,Pending
O1736,C0179,2024-11-10,4668.0,Delivered
O1737,C0305,2024-02-07,4881.54,Cancelled
O1738,C0494,2024-08-12,1074.35,Pending
O1739,C0149,2022-12-06,1308.3,Shipped
O1740,C0458,2022-12-29,4494.8,Shipped
O1741,C0442,2023-01-10,3893.73,Pending
O1742,C0215,2023-09-12,2095.88,Pending
O1743,C0391,2023-02-16,2557.15,Shipped
O1744,C0491,2024-09-08,3197.83,Cancelled
O1745,C0383,2023-09-23,142.74,Cancelled
O1746,C0362,2023-03-03,2949.99,Shipped
O1747,C0135,2024-02-04,2577.02,Cancelled
O1748,C0459,2023-01-20,600.44,Shipped
O1749,C0279,2022-04-15,3658.5,Cancelled
O1750,C0192,2021-12-18,422.73,Cancelled
O1751,C0475,2023-11-23,4191.44,Delivered
O1752,C0229,2024-05-26,4721.39,Pending
O1753,C0080,2024-02-15,1046.35,Shipped
O1754,C0302,2024-01-12,3609.43,Delivered
O1755,C0398,2024-05-25,1937.31,Pending
O1756,C0051,2023-05-26,2757.54,Cancelled
O1757,C0287,2024-09-11,1778.03,Delivered
O1758,C0210,2024-04-22,3667.39,Pending
O1759,C0072,2022-02-28,2031.19,Shipped
O1760,C0140,2022-08-07,3887.84,Pending
O1761,C0308,2023-09-26,2116.07,Delivered
O1762,C0404,2024-06-09,240.94,Shipped
O1763,C0184,2023-07-26,2165.4,Shipped
O1764,C0071,2022-09-24,4353.34,Delivered
O1765,C0327,2024-10-26,158.83,Pending
O1766,C0114,2022-03-11,2833.37,Delivered
O1767,C0258,2022-05-27,4865.78,Delivered
O1768,C0105,2023-06-01,96.23,Delivered
O1769,C0063,2022-11-07,1874.3,Shipped
O1770,C0459,2023-04-29,734.11,Shipped
O1771,C0459,2024-02-21,4435.95,Delivered
O1772,C0200,2023-11-30,4041.94,Delivered
O1773,C0436,2021-12-10,859.77,Cancelled
O1774,C0234,2024-01-26,2740.31,Cancelled
O1775,C0270,2023-11-25,2898.35,Delivered
O1776,C0363,2024-05-04,2876.8,Pending
O1777,C0078,2023-12-09,4441.41,Shipped
O1778,C0200,2024-09-08,2006.5,Shipped
O1779,C0231,2022-01-10,3708.22,Delivered
O1780,C0191,2024-12-02,500.35,Cancelled
O1781,C0296,2024-07-23,4402.87,Delivered
O1782,C0137,2024-07-26,1683.38,Pending
O1783,C0343,2022-10-12,4664.37,Shipped
O1784,C0429,2024-01-13,2817.54,Shipped
O1785,C0260,2023-10-11,771.78,Cancelled
O1786,C0282,2023-12-09,432.09,Shipped
O1787,C0379,2023-08-12,277.77,Delivered
O1788,C0380,2024-04-14,3106.18,Pending
O1789,C0419,2023-04-18,1107.55,Pending
O1790,C0299,2023-10-23,4898.64,Cancelled
O1791,C0484,2024-11-05,3254.61,Delivered
O1792,C0036,2022-12-11,3333.85,Delivered
O1793,C0215,2022-11-19,3558.77,Delivered
O1794,C0421,2024-04-02,219.78,Shipped
O1795,C0407,2024-01-11,1727.49,Cancelled
O1796,C0041,2022-09-02,4471.7,Pending
O1797,C0029,2024-11-09,4950.33,Shipped
O1798,C0255,2022-06-07,2999.65,Cancelled
O1799,C0396,2023-03-12,2819.54,Cancelled
O1800,C0432,2024-05-16,2495.87,Pending
O1801,C0114,2023-11-29,4349.74,Shipped
O1802,C0215,2023-05-22,4817.54,Pending
O1803,C0189,2024-05-27,1491.55,Delivered
O1804,C0290,2022-09-19,1922.61,Cancelled
O1805,C0140,2022-11-04,1715.65,Shipped
O1806,C0407,2023-01-28,2910.13,Shipped
O1807,C0001,2022-02-14,3125.41,Shipped
O1808,C0164,2024-09-23,3323.86,Cancelled
O1809,C0038,2024-04-18,2905.76,Delivered
O1810,C0095,2022-10-15,1441.19,Delivered
O1811,C0432,2024-03-21,3520.91,Pending
O1812,C0354,2023-03-13,4269.57,Shipped
O1813,C0147,2024-05-07,288.76,Delivered
O1814,C0161,2024-08-02,3206.03,Cancelled
O1815,C0308,2023-12-02,2593.26,Pending
O1816,C0096,2024-03-19,988.97,Cancelled
O1817,C0449,2022-04-05,1571.07,Delivered
O1818,C0271,2022-04-30,1772.27,Delivered
O1819,C0464,2022-10-06,3804.33,Delivered
O1820,C0178,2023-03-11,831.29,Delivered
O1821,C0013,2023-11-23,694.99,Pending
O1822,C0192,2024-01-26,3315.56,Pending
O1823,C0144,2022-01-30,4128.41,Shipped
O1824,C0195,2023-06-07,530.35,Cancelled
O1825,C0181,2023-12-30,4918.98,Pending
O1826,C0047,2023-01-08,1633.67,Cancelled
O1827,C0117,2023-01-10,1314.75,Delivered
O1828,C0375,2024-02-25,4594.03,Shipped
O1829,C0286,2024-10-23,2664.82,Pending
O1830,C0220,2023-10-21,4101.53,Cancelled
O1831,C0111,2022-10-25,1372.99,Shipped
O1832,C0374,2022-06-28,2148.84,Delivered
O1833,C0010,2022-04-02,4251.23,Pending
O1834,C0235,2024-03-11,413.09,Pending
O1835,C0429,2022-07-05,764.55,Cancelled
O1836,C0360,2022-06-30,3126.56,Pending
O1837,C0204,2023-12-31,4569.96,Shipped
O1838,C0175,2024-05-28,466.07,Cancelled
O1839,C0186,2024-06-02,131.5,Delivered
O1840,C0217,2022-01-18,121.06,Delivered
O1841,C0150,2024-05-17,2113.74,Cancelled
O1842,C0270,2023-03-17,3788.3,Pending
O1843,C0135,2024-04-12,2780.5,Shipped
O1844,C0188,2023-03-28,1294.14,Cancelled
O1845,C0455,2024-02-16,3772.87,Pending
O1846,C0362,2024-10-16,4478.17,Cancelled
O1847,C0231,2024-09-04,4054.75,Shipped
O1848,C0378,2023-10-27,1596.47,Delivered
O1849,C0169,2023-12-06,2387.07,Cancelled
O1850,C0131,2024-11-30,4959.51,Shipped
O1851,C0300,2022-02-09,2690.37,Cancelled
O1852,C0346,2023-03-13,979.08,Cancelled
O1853,C0489,2022-09-13,756.18,Cancelled
O1854,C0442,2022-12-31,3813.4,Shipped
O1855,C0437,2024-10-05,4508.42,Cancelled
O1856,C0362,2023-12-11,3871.2,Delivered
O1857,C0446,2023-07-29,1634.49,Shipped
O1858,C0500,2022-12-04,75.5,Cancelled
O1859,C0176,2023-03-03,614.0,Pending
O1860,C0489,2024-08-13,2427.12,Cancelled
O1861,C0457,2024-08-17,482.98,Shipped
O1862,C0440,2023-02-08,2017.16,Shipped
O1863,C0014,2023-03-12,854.37,Pending
O1864,C0355,2022-03-10,3153.85,Delivered
O1865,C0497,2023-07-29,1580.5,Delivered
O1866,C0436,2022-08-04,1504.97,Delivered
O1867,C0259,2024-02-17,1749.69,Shipped
O1868,C0061,2024-06-22,4792.02,Cancelled
O1869,C0069,2022-11-12,801.82,Delivered
O1870,C0300,2024-06-19,1929.31,Shipped
O1871,C0139,2022-05-31,3650.95,Delivered
O1872,C0115,2024-02-18,4446.79,Shipped
O1873,C0183,2022-07-18,4725.62,Delivered
O1874,C0201,2024-05-16,3387.72,Shipped
O1875,C0125,2023-09-28,3954.32,Cancelled
O1876,C0161,2023-06-13,2212.66,Cancelled
O1877,C0022,2024-08-11,2681.47,Cancelled
O1878,C0390,2023-11-08,829.71,Cancelled
O1879,C0265,2024-10-26,4717.92,Cancelled
O1880,C0086,2022-10-12,882.36,Cancelled
O1881,C0188,2023-09-20,3888.01,Pending
O1882,C0320,2023-03-15,1352.3,Delivered
O1883,C0091,2024-06-07,330.16,Delivered
O1884,C0400,2023-11-05,3969.35,Shipped
O1885,C0384,2023-12-06,3317.39,Shipped
O1886,C0147,2024-10-15,3711.25,Cancelled
O1887,C0080,2024-05-30,4353.49,Pending
O1888,C0350,2024-09-16,3477.53,Shipped
O1889,C0436,2023-01-31,1659.29,Cancelled
O1890,C0447,2024-10-22,3650.84,Pending
O1891,C0284,2023-09-30,685.76,Cancelled
O1892,C0362,2022-03-19,3067.65,Delivered
O1893,C0439,2023-08-09,3065.52,Shipped
O1894,C0328,2023-05-25,3058.65,Cancelled
O1895,C0291,2022-12-14,2378.27,Delivered
O1896,C0477,2022-11-09,2354.63,Pending
O1897,C0129,2022-02-23,714.9,Pending
O1898,C0405,2023-06-30,3187.82,Delivered
O1899,C0364,2023-02-17,3655.17,Delivered
O1900,C0486,2024-01-01,2322.34,Pending
O1901,C0458,2023-04-22,624.59,Pending
O1902,C0366,2024-04-20,800.59,Pending
O1903,C0006,2024-02-17,1515.04,Pending
O1904,C0408,2023-01-12,196.42,Shipped
O1905,C0070,2023-09-26,1143.47,Shipped
O1906,C0354,2024-10-01,4229.38,Pending
O1907,C0163,2022-06-06,3261.99,Shipped
O1908,C0136,2023-03-14,287.16,Shipped
O1909,C0335,2023-09-02,4119.42,Delivered
O1910,C0301,2023-08-14,1912.09,Shipped
O1911,C0122,2023-10-18,3860.77,Delivered
O1912,C0102,2022-07-08,2554.56,Pending
O1913,C0158,2023-07-15,3413.24,Delivered
O1914,C0127,2024-04-12,2304.21,Shipped
O1915,C0022,2022-03-30,3820.74,Shipped
O1916,C0171,2024-12-04,2969.58,Shipped
O1917,C0462,2024-04-02,4722.26,Cancelled
O1918,C0150,2022-12-13,3487.98,Shipped
O1919,C0169,2022-12-26,4865.51,Pending
O1920,C0204,2023-09-09,1906.26,Cancelled
O1921,C0107,2022-09-03,406.84,Pending
O1922,C0015,2022-07-13,4105.63,Cancelled
O1923,C0321,2023-12-06,477.08,Shipped
O1924,C0068,2023-03-31,1026.6,Shipped
O1925,C0392,2024-11-19,358.9,Delivered
O1926,C0203,2022-03-24,2018.49,Pending
O1927,C0323,2024-07-01,51.6,Delivered
O1928,C0255,2021-12-16,2283.48,Cancelled
O1929,C0185,2023-04-20,4895.89,Cancelled
O1930,C0218,2024-06-01,2157.06,Pending
O1931,C0240,2023-04-30,3186.63,Delivered
O1932,C0365,2024-06-16,269.68,Pending
O1933,C0397,2024-11-26,815.44,Delivered
O1934,C0096,2022-10-29,3648.82,Cancelled
O1935,C0121,2023-08-26,73.1,Pending
O1936,C0151,2024-03-14,2040.78,Shipped
O1937,C0175,2022-12-07,1030.1,Cancelled
O1938,C0139,2022-08-20,3925.3,Cancelled
O1939,C0199,2024-06-16,959.74,Shipped
O1940,C0301,2022-02-15,61.45,Shipped
O1941,C0219,2024-06-27,148.97,Pending
O1942,C0260,2024-09-12,3436.57,Pending
O1943,C0084,2024-04-17,3626.88,Cancelled
O1944,C0157,2023-05-28,4809.46,Delivered
O1945,C0108,2021-12-27,2983.8,Delivered
O1946,C0232,2022-11-29,2618.47,Pending
O1947,C0103,2023-12-29,1189.81,Cancelled
O1948,C0186,2022-09-15,700.96,Cancelled
O1949,C0256,2023-02-21,978.56,Shipped
O1950,C0219,2022-03-08,1318.87,Pending
O1951,C0032,2023-03-23,1887.53,Cancelled
O1952,C0223,2022-06-20,3148.86,Cancelled
O1953,C0368,2022-10-04,4487.06,Cancelled
O1954,C0145,2023-07-06,2780.62,Pending
O1955,C0233,2023-07-03,4319.61,Shipped
O1956,C0426,2024-06-13,413.81,Cancelled
O1957,C0395,2024-07-12,4254.11,Cancelled
O1958,C0222,2024-09-25,2850.63,Pending
O1959,C0360,2022-09-22,2529.76,Delivered
O1960,C0331,2024-10-31,3112.72,Shipped
O1961,C0357,2022-08-14,1022.34,Pending
O1962,C0402,2022-05-05,3895.64,Delivered
O1963,C0381,2023-06-27,2372.54,Pending
O1964,C0224,2022-04-22,68.87,Delivered
O1965,C0177,2024-01-06,4605.74,Shipped
O1966,C0175,2023-06-25,2553.53,Pending
O1967,C0438,2021-12-13,2818.31,Shipped
O1968,C0217,2022-05-05,3445.75,Shipped
O1969,C0475,2023-08-05,4185.6,Delivered
O1970,C0239,2024-10-08,2707.99,Cancelled
O1971,C0246,2023-05-09,3744.0,Shipped
O1972,C0171,2022-11-18,4106.64,Shipped
O1973,C0449,2024-09-10,4694.33,Shipped
O1974,C0144,2022-06-20,1253.85,Pending
O1975,C0364,2022-01-11,955.78,Pending
O1976,C0090,2022-04-19,1289.32,Delivered
O1977,C0201,2023-09-17,1002.85,Pending
O1978,C0272,2023-01-23,4666.8,Shipped
O1979,C0115,2022-06-18,3697.55,Delivered
O1980,C0170,2022-07-01,1370.17,Delivered
O1981,C0024,2022-07-06,4769.66,Cancelled
O1982,C0040,2022-09-01,4468.7,Cancelled
O1983,C0015,2023-11-18,3445.7,Pending
O1984,C0150,2022-02-18,1614.57,Shipped
O1985,C0055,2022-01-28,690.35,Delivered
O1986,C0376,2024-05-05,1140.51,Delivered
O1987,C0070,2022-09-14,790.13,Delivered
O1988,C0468,2023-09-02,3707.09,Cancelled
O1989,C0014,2022-10-06,2385.22,Delivered
O1990,C0405,2023-04-16,1724.11,Cancelled
O1991,C0147,2024-07-09,375.32,Cancelled
O1992,C0410,2023-10-20,2343.96,Delivered
O1993,C0218,2023-07-30,756.2,Pending
O1994,C0299,2023-07-22,3333.89,Cancelled
O1995,C0155,2023-09-20,2434.28,Cancelled
O1996,C0197,2022-06-14,3331.93,Pending
O1997,C0213,2024-06-24,4048.1,Shipped
O1998,C0314,2022-05-08,3864.58,Shipped
O1999,C0119,2022-05-30,769.93,Pending
O2000,C0074,2022-03-26,2608.76,Pending
