OrderDetailID,OrderID,ProductID,Quantity,Price
OD0001,O1224,P0171,9,272.5
OD0002,O0707,P0010,3,951.7
OD0003,O0948,P0148,9,587.91
OD0004,O1109,P0082,1,752.73
OD0005,O0229,P0109,2,289.16
OD0006,O1569,P0159,7,421.53
OD0007,O0565,P0113,1,466.64
OD0008,O0867,P0008,7,319.81
OD0009,O0648,P0016,10,339.15
OD0010,O0573,P0024,3,752.73
OD0011,O1418,P0193,1,675.29
OD0012,O1267,P0040,1,347.84
OD0013,O1867,P0020,1,739.09
OD0014,O1466,P0023,7,810.24
OD0015,O1287,P0127,3,704.94
OD0016,O0932,P0193,1,22.06
OD0017,O0985,P0099,5,307.39
OD0018,O1560,P0195,6,430.5
OD0019,O1630,P0015,7,682.35
OD0020,O0181,P0116,10,317.21
OD0021,O1931,P0098,1,962.94
OD0022,O1003,P0015,5,379.8
OD0023,O1618,P0054,9,307.36
OD0024,O0149,P0025,5,539.07
OD0025,O0337,P0034,8,467.79
OD0026,O0168,P0106,10,587.91
OD0027,O1928,P0019,5,983.61
OD0028,O1898,P0023,4,481.31
OD0029,O0691,P0143,2,94.0
OD0030,O0297,P0060,1,115.53
OD0031,O1233,P0039,7,368.19
OD0032,O1142,P0131,8,909.17
OD0033,O0765,P0015,5,739.09
OD0034,O1306,P0099,3,310.52
OD0035,O1140,P0108,5,639.85
OD0036,O0087,P0116,8,654.59
OD0037,O0053,P0185,10,102.99
OD0038,O1208,P0046,9,675.29
OD0039,O1969,P0102,9,348.08
OD0040,O0446,P0083,2,530.65
OD0041,O1908,P0104,3,322.48
OD0042,O0290,P0090,6,443.03
OD0043,O0198,P0133,1,481.87
OD0044,O1720,P0155,1,161.93
OD0045,O0693,P0184,8,559.19
OD0046,O1824,P0145,4,612.08
OD0047,O1716,P0137,9,303.9
OD0048,O0141,P0161,6,688.73
OD0049,O1387,P0154,9,764.97
OD0050,O1577,P0186,3,539.07
OD0051,O1385,P0128,6,443.03
OD0052,O0574,P0191,9,169.96
OD0053,O1692,P0198,5,688.97
OD0054,O1375,P0183,7,490.37
OD0055,O0342,P0025,5,703.65
OD0056,O0075,P0044,8,124.65
OD0057,O1575,P0178,3,248.41
OD0058,O1820,P0179,10,682.47
OD0059,O0192,P0120,7,303.9
OD0060,O0335,P0043,4,504.0
OD0061,O1640,P0194,7,561.28
OD0062,O0913,P0050,4,481.31
OD0063,O0650,P0076,8,930.59
OD0064,O1469,P0013,10,581.6
OD0065,O1491,P0128,2,481.31
OD0066,O1528,P0089,4,113.96
OD0067,O0997,P0184,9,348.08
OD0068,O1185,P0152,10,198.98
OD0069,O1673,P0136,8,900.74
OD0070,O1426,P0106,6,612.08
OD0071,O0044,P0066,2,307.36
OD0072,O0686,P0072,2,645.62
OD0073,O0481,P0071,3,639.85
OD0074,O1539,P0135,10,368.19
OD0075,O1579,P0022,5,444.16
OD0076,O1037,P0195,2,538.77
OD0077,O0905,P0159,7,344.89
OD0078,O1921,P0153,3,888.45
OD0079,O1725,P0100,3,317.21
OD0080,O0378,P0111,3,830.19
OD0081,O1337,P0178,8,703.65
OD0082,O0121,P0172,9,915.67
OD0083,O0637,P0151,8,114.74
OD0084,O1825,P0160,6,201.59
OD0085,O0276,P0171,10,269.77
OD0086,O1541,P0081,6,636.14
OD0087,O0148,P0092,9,640.58
OD0088,O1116,P0115,3,65.81
OD0089,O1925,P0124,5,313.17
OD0090,O0145,P0087,10,467.79
OD0091,O0362,P0144,3,459.2
OD0092,O1786,P0165,8,169.96
OD0093,O0012,P0124,4,210.93
OD0094,O1128,P0108,2,814.09
OD0095,O1714,P0184,5,900.76
OD0096,O1725,P0049,9,504.0
OD0097,O0731,P0040,6,869.52
OD0098,O0494,P0069,3,317.21
OD0099,O1855,P0058,7,252.73
OD0100,O1883,P0074,1,739.09
OD0101,O1987,P0037,8,219.71
OD0102,O0023,P0166,4,682.35
OD0103,O0337,P0200,7,530.65
OD0104,O1844,P0121,6,868.39
OD0105,O0003,P0083,1,319.81
OD0106,O1366,P0124,8,313.17
OD0107,O1363,P0031,9,112.52
OD0108,O0135,P0172,2,344.89
OD0109,O1726,P0001,9,890.48
OD0110,O1006,P0001,1,703.65
OD0111,O0686,P0162,10,868.39
OD0112,O1504,P0185,7,490.37
OD0113,O0561,P0137,8,793.06
OD0114,O1925,P0195,10,962.94
OD0115,O0577,P0058,3,58.6
OD0116,O0422,P0016,2,688.68
OD0117,O0648,P0144,9,322.48
OD0118,O0664,P0087,2,640.58
OD0119,O0283,P0069,7,239.15
OD0120,O1262,P0014,2,814.09
OD0121,O0655,P0066,3,419.41
OD0122,O1708,P0011,10,579.17
OD0123,O0443,P0009,3,966.31
OD0124,O1703,P0149,3,694.15
OD0125,O1253,P0037,1,689.72
OD0126,O0978,P0004,3,6.13
OD0127,O0471,P0078,10,814.09
OD0128,O1540,P0170,3,203.55
OD0129,O1122,P0143,10,710.94
OD0130,O0683,P0141,4,530.65
OD0131,O1282,P0109,4,342.64
OD0132,O1838,P0115,5,239.15
OD0133,O1508,P0067,3,456.09
OD0134,O1773,P0162,2,639.85
OD0135,O0511,P0045,5,704.94
OD0136,O0652,P0064,10,718.63
OD0137,O1009,P0055,6,608.81
OD0138,O1433,P0098,9,252.73
OD0139,O1139,P0146,1,925.36
OD0140,O1831,P0087,9,248.41
OD0141,O1941,P0157,8,723.79
OD0142,O1441,P0082,5,876.01
OD0143,O1584,P0085,8,653.29
OD0144,O1768,P0188,4,466.64
OD0145,O0633,P0134,8,152.59
OD0146,O1484,P0005,9,608.81
OD0147,O1186,P0062,4,248.41
OD0148,O0640,P0061,6,6.13
OD0149,O0924,P0190,1,190.5
OD0150,O0942,P0045,3,507.18
OD0151,O0963,P0058,4,579.17
OD0152,O1002,P0127,5,264.99
OD0153,O1280,P0016,5,456.09
OD0154,O1938,P0070,5,778.9
OD0155,O1205,P0059,2,481.31
OD0156,O1683,P0114,8,596.95
OD0157,O0445,P0155,3,443.03
OD0158,O0162,P0074,5,248.41
OD0159,O0007,P0146,5,210.93
OD0160,O1781,P0100,10,645.62
OD0161,O0269,P0159,9,98.76
OD0162,O1544,P0014,4,688.97
OD0163,O0377,P0095,3,330.99
OD0164,O1342,P0084,1,676.77
OD0165,O0236,P0060,9,217.39
OD0166,O0413,P0103,5,190.5
OD0167,O1732,P0018,10,339.15
OD0168,O0191,P0052,8,526.87
OD0169,O0695,P0145,6,869.42
OD0170,O1046,P0034,9,480.56
OD0171,O1444,P0036,2,330.99
OD0172,O1330,P0066,3,830.19
OD0173,O0720,P0018,8,319.81
OD0174,O0792,P0022,6,152.59
OD0175,O0309,P0153,9,496.43
OD0176,O0534,P0052,3,199.05
OD0177,O1512,P0039,4,495.37
OD0178,O0713,P0036,4,480.56
OD0179,O0781,P0035,10,586.12
OD0180,O1565,P0012,3,404.91
OD0181,O0928,P0142,10,404.91
OD0182,O0494,P0024,3,625.33
OD0183,O0447,P0043,8,810.38
OD0184,O1819,P0018,10,115.53
OD0185,O0662,P0036,4,676.77
OD0186,O1333,P0046,2,810.38
OD0187,O1848,P0088,3,979.95
OD0188,O1547,P0053,3,413.57
OD0189,O0323,P0129,9,113.96
OD0190,O1058,P0037,5,348.08
OD0191,O1038,P0013,1,379.8
OD0192,O1810,P0124,5,490.37
OD0193,O1450,P0191,7,278.92
OD0194,O0131,P0033,10,837.21
OD0195,O1661,P0200,8,810.38
OD0196,O1384,P0077,5,22.06
OD0197,O1101,P0157,7,490.37
OD0198,O1976,P0104,10,499.29
OD0199,O1406,P0036,10,675.29
OD0200,O0476,P0063,2,169.96
OD0201,O0477,P0052,7,596.95
OD0202,O0496,P0177,2,239.15
OD0203,O0440,P0086,8,273.89
OD0204,O1685,P0124,8,380.11
OD0205,O1578,P0099,5,814.09
OD0206,O0523,P0037,7,430.5
OD0207,O0762,P0151,9,933.51
OD0208,O0795,P0136,6,207.38
OD0209,O1236,P0068,9,217.39
OD0210,O1252,P0141,6,364.72
OD0211,O0956,P0115,1,731.13
OD0212,O1456,P0052,5,203.55
OD0213,O1103,P0151,8,798.69
OD0214,O1243,P0152,8,522.34
OD0215,O1577,P0145,9,404.91
OD0216,O1674,P0072,5,504.0
OD0217,O1096,P0161,5,703.65
OD0218,O0611,P0120,3,718.63
OD0219,O1408,P0200,4,526.87
OD0220,O1627,P0047,7,95.0
OD0221,O0847,P0029,5,339.15
OD0222,O0684,P0014,7,399.82
OD0223,O1151,P0189,5,625.33
OD0224,O1448,P0188,5,972.42
OD0225,O1097,P0024,2,644.72
OD0226,O0809,P0113,7,507.18
OD0227,O1564,P0079,7,752.73
OD0228,O0724,P0189,10,676.77
OD0229,O1178,P0088,6,778.9
OD0230,O1481,P0105,4,579.17
OD0231,O1247,P0078,1,6.13
OD0232,O1966,P0056,9,755.45
OD0233,O1252,P0086,4,962.72
OD0234,O0953,P0162,10,692.71
OD0235,O1375,P0047,2,522.34
OD0236,O0828,P0186,3,559.19
OD0237,O1109,P0116,5,499.29
OD0238,O0261,P0092,1,808.25
OD0239,O1712,P0160,3,11.52
OD0240,O1987,P0150,4,190.5
OD0241,O1747,P0162,5,874.02
OD0242,O0234,P0126,3,869.42
OD0243,O1216,P0069,8,612.08
OD0244,O0546,P0166,1,688.97
OD0245,O0193,P0081,6,688.73
OD0246,O0405,P0049,7,703.65
OD0247,O0348,P0195,1,248.41
OD0248,O0296,P0075,3,644.72
OD0249,O1693,P0176,6,169.96
OD0250,O0877,P0023,8,972.42
OD0251,O1748,P0022,4,112.52
OD0252,O1424,P0076,3,11.52
OD0253,O0063,P0187,9,359.1
OD0254,O1509,P0095,1,653.29
OD0255,O0024,P0182,6,675.41
OD0256,O0159,P0173,4,281.76
OD0257,O1946,P0083,4,312.6
OD0258,O0886,P0181,3,94.0
OD0259,O0709,P0185,4,972.42
OD0260,O0561,P0196,5,636.14
OD0261,O0161,P0127,3,114.74
OD0262,O1021,P0157,9,869.52
OD0263,O0003,P0050,4,962.72
OD0264,O0553,P0045,8,619.17
OD0265,O0047,P0038,4,951.7
OD0266,O0407,P0184,9,490.37
OD0267,O1757,P0028,8,716.65
OD0268,O0070,P0002,9,673.14
OD0269,O0789,P0153,1,421.53
OD0270,O0489,P0156,5,900.76
OD0271,O1858,P0189,10,317.21
OD0272,O1050,P0006,5,40.01
OD0273,O1660,P0131,1,644.72
OD0274,O1588,P0194,10,723.79
OD0275,O0657,P0065,2,810.38
OD0276,O1259,P0182,8,869.42
OD0277,O1246,P0072,3,515.38
OD0278,O0347,P0097,2,874.02
OD0279,O0499,P0103,4,480.56
OD0280,O0474,P0179,9,94.0
OD0281,O0586,P0111,3,507.18
OD0282,O0983,P0097,10,625.33
OD0283,O1127,P0066,1,339.15
OD0284,O0036,P0155,3,869.52
OD0285,O0292,P0022,8,962.72
OD0286,O1680,P0061,8,841.75
OD0287,O1418,P0137,2,120.37
OD0288,O0338,P0032,2,390.21
OD0289,O1512,P0179,9,481.87
OD0290,O0140,P0089,8,161.93
OD0291,O1792,P0114,2,307.39
OD0292,O1570,P0169,4,559.19
OD0293,O1564,P0026,4,518.19
OD0294,O1708,P0154,1,307.39
OD0295,O1399,P0043,5,677.5
OD0296,O0110,P0045,5,869.64
OD0297,O0144,P0184,6,925.36
OD0298,O1804,P0042,9,688.68
OD0299,O0881,P0079,3,210.93
OD0300,O1475,P0082,10,586.12
OD0301,O0233,P0102,3,372.48
OD0302,O1204,P0059,4,330.99
OD0303,O1932,P0042,3,806.91
OD0304,O0411,P0123,2,161.93
OD0305,O1086,P0004,2,810.24
OD0306,O0408,P0079,2,830.19
OD0307,O0496,P0126,3,467.79
OD0308,O0605,P0152,7,210.93
OD0309,O0049,P0118,8,203.55
OD0310,O0215,P0021,10,837.21
OD0311,O1109,P0142,1,632.12
OD0312,O0458,P0098,7,716.65
OD0313,O1512,P0064,2,467.79
OD0314,O0744,P0132,3,752.73
OD0315,O1048,P0132,6,522.34
OD0316,O0044,P0013,6,252.73
OD0317,O1999,P0036,3,539.07
OD0318,O0816,P0151,9,676.77
OD0319,O0158,P0084,2,252.14
OD0320,O0978,P0058,2,466.64
OD0321,O1952,P0044,9,781.48
OD0322,O1516,P0131,8,640.58
OD0323,O0969,P0157,4,694.15
OD0324,O0595,P0159,2,863.93
OD0325,O0459,P0012,3,278.92
OD0326,O0187,P0199,5,752.73
OD0327,O1388,P0001,6,810.38
OD0328,O0532,P0049,6,983.61
OD0329,O0320,P0031,9,419.41
OD0330,O0021,P0054,4,459.2
OD0331,O0656,P0082,7,673.14
OD0332,O1782,P0061,9,688.73
OD0333,O0788,P0153,7,201.59
OD0334,O0950,P0062,3,776.99
OD0335,O0443,P0011,10,190.5
OD0336,O0862,P0101,8,806.91
OD0337,O0233,P0156,4,675.29
OD0338,O0533,P0042,4,639.85
OD0339,O1481,P0128,8,875.31
OD0340,O1227,P0079,5,322.48
OD0341,O0378,P0101,5,837.21
OD0342,O0580,P0007,1,558.19
OD0343,O1132,P0145,1,203.55
OD0344,O0489,P0077,5,481.31
OD0345,O0221,P0191,3,689.72
OD0346,O0506,P0087,9,902.08
OD0347,O1488,P0178,9,339.15
OD0348,O1273,P0186,4,68.29
OD0349,O0363,P0041,6,625.33
OD0350,O1934,P0120,4,869.52
OD0351,O1751,P0105,8,113.96
OD0352,O1279,P0112,1,890.48
OD0353,O1104,P0132,1,124.65
OD0354,O1480,P0145,10,530.65
OD0355,O0587,P0088,7,379.8
OD0356,O0981,P0186,5,355.13
OD0357,O0386,P0028,5,902.08
OD0358,O1566,P0141,5,902.08
OD0359,O1302,P0130,3,841.75
OD0360,O0233,P0177,5,112.52
OD0361,O0667,P0186,2,308.23
OD0362,O1926,P0117,5,344.89
OD0363,O1954,P0148,8,888.45
OD0364,O1378,P0083,7,364.72
OD0365,O1696,P0143,4,639.85
OD0366,O1271,P0193,7,344.89
OD0367,O1343,P0067,10,368.19
OD0368,O1531,P0091,6,142.24
OD0369,O0310,P0067,1,269.77
OD0370,O0216,P0095,8,281.76
OD0371,O0316,P0182,1,307.39
OD0372,O1173,P0154,7,731.13
OD0373,O0982,P0139,5,925.36
OD0374,O0947,P0018,1,201.59
OD0375,O0551,P0123,9,810.24
OD0376,O1943,P0147,2,682.35
OD0377,O0568,P0165,1,539.07
OD0378,O1892,P0155,2,596.95
OD0379,O1727,P0095,1,900.74
OD0380,O0577,P0032,3,347.8
OD0381,O1427,P0112,8,586.12
OD0382,O0294,P0003,10,235.36
OD0383,O1220,P0094,5,941.18
OD0384,O1399,P0117,8,342.64
OD0385,O1547,P0188,8,161.93
OD0386,O1872,P0134,3,264.99
OD0387,O0623,P0112,10,941.18
OD0388,O1370,P0015,5,199.05
OD0389,O0788,P0122,9,281.26
OD0390,O0192,P0028,4,330.99
OD0391,O0443,P0183,8,772.14
OD0392,O0318,P0004,4,593.58
OD0393,O1529,P0115,4,941.18
OD0394,O1337,P0141,5,793.06
OD0395,O1747,P0002,4,538.77
OD0396,O0720,P0194,8,752.73
OD0397,O0149,P0193,9,219.71
OD0398,O0985,P0042,1,500.83
OD0399,O0321,P0122,6,248.41
OD0400,O0873,P0073,6,710.94
OD0401,O0678,P0025,7,675.41
OD0402,O1728,P0114,1,114.9
OD0403,O0963,P0170,10,871.3
OD0404,O1405,P0155,10,876.01
OD0405,O1748,P0057,4,456.09
OD0406,O0076,P0122,10,874.02
OD0407,O1893,P0082,4,515.38
OD0408,O1476,P0153,6,210.93
OD0409,O1868,P0034,9,342.64
OD0410,O0334,P0008,10,677.5
OD0411,O1820,P0063,1,688.68
OD0412,O0394,P0072,5,810.38
OD0413,O0019,P0161,7,814.09
OD0414,O1029,P0101,5,317.21
OD0415,O1606,P0125,6,654.59
OD0416,O1060,P0001,9,480.56
OD0417,O0958,P0096,3,115.53
OD0418,O1105,P0084,1,704.94
OD0419,O0344,P0117,5,500.83
OD0420,O0668,P0135,3,941.18
OD0421,O1338,P0025,5,98.76
OD0422,O1154,P0098,9,675.41
OD0423,O0538,P0132,10,499.29
OD0424,O0958,P0160,9,239.15
OD0425,O1693,P0182,7,688.97
OD0426,O1602,P0077,2,40.01
OD0427,O0666,P0181,1,307.36
OD0428,O0666,P0167,8,281.26
OD0429,O1318,P0149,4,752.73
OD0430,O0150,P0164,2,339.15
OD0431,O1260,P0128,10,495.37
OD0432,O0335,P0014,9,456.09
OD0433,O1333,P0176,7,504.0
OD0434,O0616,P0184,2,379.8
OD0435,O0019,P0004,4,636.14
OD0436,O1109,P0053,10,612.08
OD0437,O1868,P0145,5,198.98
OD0438,O0109,P0146,8,199.05
OD0439,O0791,P0182,3,673.14
OD0440,O0822,P0003,5,752.73
OD0441,O0059,P0093,1,306.14
OD0442,O1323,P0194,10,653.29
OD0443,O0379,P0089,8,764.97
OD0444,O0811,P0053,4,120.37
OD0445,O1971,P0047,2,207.38
OD0446,O0495,P0070,3,68.29
OD0447,O1882,P0114,1,689.72
OD0448,O1962,P0028,1,539.07
OD0449,O1129,P0040,7,962.72
OD0450,O1203,P0161,9,430.5
OD0451,O0521,P0167,2,951.7
OD0452,O1338,P0162,9,500.83
OD0453,O0239,P0018,5,152.86
OD0454,O1181,P0119,4,306.14
OD0455,O0822,P0080,3,909.17
OD0456,O0907,P0082,7,808.25
OD0457,O0766,P0115,1,890.48
OD0458,O1069,P0079,8,307.36
OD0459,O0267,P0166,1,504.0
OD0460,O1349,P0065,7,124.65
OD0461,O0265,P0173,7,875.31
OD0462,O0899,P0126,4,152.86
OD0463,O0367,P0061,5,703.65
OD0464,O0788,P0042,9,444.16
OD0465,O0327,P0090,2,869.52
OD0466,O1717,P0079,4,161.93
OD0467,O0357,P0059,2,890.48
OD0468,O1093,P0029,8,581.6
OD0469,O1128,P0053,5,201.59
OD0470,O1002,P0133,1,347.66
OD0471,O0709,P0062,6,675.41
OD0472,O1455,P0126,4,499.29
OD0473,O1734,P0174,1,653.29
OD0474,O0321,P0155,3,989.68
OD0475,O1144,P0106,4,612.08
OD0476,O1860,P0164,6,330.99
OD0477,O1665,P0095,9,900.76
OD0478,O1838,P0112,1,6.13
OD0479,O0867,P0180,9,645.62
OD0480,O1420,P0171,3,161.93
OD0481,O0494,P0026,3,682.35
OD0482,O1967,P0086,5,425.95
OD0483,O0075,P0122,7,875.31
OD0484,O0384,P0053,2,289.16
OD0485,O0577,P0136,2,558.19
OD0486,O1365,P0168,6,507.18
OD0487,O1556,P0030,10,810.38
OD0488,O0196,P0036,9,979.95
OD0489,O1466,P0197,4,496.43
OD0490,O1964,P0127,5,169.96
OD0491,O1843,P0088,1,692.71
OD0492,O1044,P0185,10,390.21
OD0493,O1955,P0061,4,441.92
OD0494,O1044,P0175,2,456.09
OD0495,O1009,P0197,1,425.95
OD0496,O0587,P0108,6,380.11
OD0497,O0686,P0064,9,694.15
OD0498,O0347,P0058,3,764.97
OD0499,O1782,P0022,8,639.85
OD0500,O0142,P0162,7,639.85
OD0501,O1064,P0197,10,925.36
OD0502,O0305,P0170,2,278.92
OD0503,O1416,P0197,5,608.81
OD0504,O0079,P0174,4,976.8
OD0505,O0929,P0128,1,95.77
OD0506,O1087,P0002,3,869.64
OD0507,O0805,P0078,9,196.44
OD0508,O0177,P0089,4,493.36
OD0509,O0148,P0135,10,355.13
OD0510,O0439,P0163,9,632.12
OD0511,O1783,P0036,3,307.36
OD0512,O1846,P0010,9,504.0
OD0513,O1974,P0112,3,876.01
OD0514,O1261,P0012,1,639.85
OD0515,O0619,P0066,6,98.76
OD0516,O0968,P0083,1,399.82
OD0517,O0818,P0118,4,239.15
OD0518,O1623,P0122,8,723.79
OD0519,O1036,P0165,4,264.99
OD0520,O1426,P0117,6,95.0
OD0521,O1440,P0128,6,252.73
OD0522,O1052,P0098,4,869.42
OD0523,O1810,P0111,1,558.19
OD0524,O0473,P0195,4,841.75
OD0525,O1364,P0178,10,310.52
OD0526,O1996,P0072,7,205.7
OD0527,O1532,P0019,10,322.48
OD0528,O0747,P0162,8,689.72
OD0529,O0518,P0157,2,793.06
OD0530,O1557,P0014,2,368.19
OD0531,O1406,P0193,6,915.67
OD0532,O0616,P0145,2,888.45
OD0533,O0124,P0176,9,368.19
OD0534,O0522,P0104,2,814.51
OD0535,O1284,P0091,8,890.48
OD0536,O0873,P0163,1,710.94
OD0537,O0525,P0032,1,888.45
OD0538,O1144,P0155,7,308.23
OD0539,O1017,P0051,5,425.95
OD0540,O1752,P0092,6,526.87
OD0541,O0645,P0134,1,689.72
OD0542,O1970,P0188,10,480.56
OD0543,O1810,P0123,6,438.61
OD0544,O1304,P0059,5,515.38
OD0545,O0892,P0174,1,814.09
OD0546,O0005,P0081,8,716.65
OD0547,O1330,P0062,3,281.26
OD0548,O1366,P0084,10,205.7
OD0549,O1431,P0162,4,989.68
OD0550,O0562,P0172,7,814.51
OD0551,O1157,P0132,7,640.58
OD0552,O0642,P0170,6,793.06
OD0553,O0151,P0088,1,419.41
OD0554,O1885,P0029,2,793.06
OD0555,O0524,P0178,4,380.11
OD0556,O0987,P0167,6,444.16
OD0557,O1737,P0097,7,515.38
OD0558,O1909,P0050,5,317.21
OD0559,O1762,P0151,10,593.58
OD0560,O0043,P0008,8,390.21
OD0561,O0489,P0066,4,515.38
OD0562,O1902,P0103,4,915.67
OD0563,O0322,P0130,5,65.81
OD0564,O0384,P0029,9,114.9
OD0565,O0999,P0108,4,793.06
OD0566,O0554,P0183,9,682.47
OD0567,O1199,P0112,7,755.45
OD0568,O1645,P0048,4,467.79
OD0569,O1634,P0164,3,330.99
OD0570,O1586,P0074,10,983.61
OD0571,O0609,P0195,10,95.0
OD0572,O0868,P0184,6,675.41
OD0573,O0723,P0028,2,372.48
OD0574,O1011,P0049,7,688.68
OD0575,O1718,P0171,5,499.29
OD0576,O1479,P0132,5,625.33
OD0577,O1343,P0044,1,504.0
OD0578,O1958,P0100,5,876.01
OD0579,O1480,P0052,5,586.44
OD0580,O0558,P0083,9,40.01
OD0581,O1257,P0055,4,248.41
OD0582,O0918,P0142,4,810.24
OD0583,O0534,P0085,3,496.43
OD0584,O1207,P0088,10,983.61
OD0585,O0605,P0052,4,438.61
OD0586,O1191,P0093,8,368.19
OD0587,O0923,P0062,6,58.6
OD0588,O0617,P0143,9,348.08
OD0589,O1949,P0197,8,368.19
OD0590,O1343,P0064,6,718.63
OD0591,O0787,P0028,9,68.29
OD0592,O0555,P0134,4,22.06
OD0593,O1663,P0111,6,810.38
OD0594,O0405,P0026,8,421.53
OD0595,O1858,P0084,2,459.2
OD0596,O0004,P0097,6,900.76
OD0597,O0999,P0043,8,689.72
OD0598,O1543,P0127,4,347.8
OD0599,O1810,P0109,4,6.13
OD0600,O1838,P0185,2,559.19
OD0601,O1291,P0069,6,682.47
OD0602,O0529,P0199,6,68.29
OD0603,O0205,P0040,7,102.99
OD0604,O0007,P0075,3,342.64
OD0605,O0421,P0143,7,68.29
OD0606,O0007,P0147,8,504.0
OD0607,O0606,P0048,1,798.69
OD0608,O0288,P0130,10,113.96
OD0609,O0074,P0087,5,772.14
OD0610,O1006,P0050,4,152.86
OD0611,O1488,P0123,10,841.75
OD0612,O1773,P0077,1,781.48
OD0613,O0719,P0008,10,608.81
OD0614,O1097,P0041,10,444.16
OD0615,O1442,P0033,2,688.73
OD0616,O1202,P0117,7,239.15
OD0617,O1514,P0112,10,874.02
OD0618,O0821,P0163,9,114.9
OD0619,O0480,P0169,2,210.93
OD0620,O1172,P0121,1,207.38
OD0621,O1628,P0091,2,925.36
OD0622,O1250,P0026,8,306.14
OD0623,O0510,P0090,5,989.68
OD0624,O0288,P0024,6,586.12
OD0625,O1323,P0041,9,115.53
OD0626,O0270,P0090,10,587.91
OD0627,O0917,P0017,2,752.73
OD0628,O1765,P0186,7,466.64
OD0629,O1433,P0072,9,281.26
OD0630,O0115,P0122,4,22.06
OD0631,O0933,P0153,7,559.19
OD0632,O0568,P0066,2,830.19
OD0633,O1122,P0182,8,645.62
OD0634,O0445,P0106,1,677.5
OD0635,O1086,P0122,6,115.53
OD0636,O0303,P0174,1,504.0
OD0637,O0606,P0182,4,962.94
OD0638,O1951,P0011,9,368.19
OD0639,O1502,P0155,8,900.76
OD0640,O1188,P0152,10,98.76
OD0641,O0936,P0146,5,419.41
OD0642,O1193,P0082,10,124.65
OD0643,O0487,P0154,10,152.86
OD0644,O0432,P0173,5,355.13
OD0645,O1267,P0119,9,438.61
OD0646,O0439,P0054,5,539.07
OD0647,O1225,P0193,8,201.59
OD0648,O0008,P0036,10,27.48
OD0649,O0424,P0017,6,481.31
OD0650,O1771,P0103,4,481.87
OD0651,O0794,P0189,10,348.08
OD0652,O0187,P0172,2,692.71
OD0653,O0882,P0189,3,558.19
OD0654,O1835,P0030,5,869.42
OD0655,O0521,P0034,10,272.5
OD0656,O1254,P0060,1,915.67
OD0657,O1201,P0108,7,723.79
OD0658,O0520,P0142,5,114.9
OD0659,O1133,P0001,6,692.71
OD0660,O0976,P0132,5,27.48
OD0661,O1932,P0115,6,869.64
OD0662,O1802,P0172,7,368.19
OD0663,O0502,P0162,10,976.8
OD0664,O0773,P0199,9,640.58
OD0665,O0073,P0046,4,347.8
OD0666,O1531,P0025,9,863.93
OD0667,O1844,P0003,9,441.92
OD0668,O1339,P0042,9,161.93
OD0669,O1977,P0055,2,379.8
OD0670,O0038,P0126,8,95.77
OD0671,O0905,P0176,6,480.56
OD0672,O0006,P0012,9,481.87
OD0673,O1663,P0027,5,869.64
OD0674,O0343,P0070,5,359.1
OD0675,O0492,P0122,7,731.13
OD0676,O1207,P0167,2,636.14
OD0677,O1814,P0110,5,11.52
OD0678,O0538,P0047,7,966.31
OD0679,O0635,P0056,2,688.73
OD0680,O0523,P0074,1,890.48
OD0681,O0611,P0146,4,983.61
OD0682,O1801,P0147,5,515.38
OD0683,O1026,P0036,1,731.13
OD0684,O0952,P0164,6,703.65
OD0685,O1526,P0002,1,364.72
OD0686,O1226,P0081,5,682.35
OD0687,O0779,P0082,8,675.41
OD0688,O0371,P0044,10,798.69
OD0689,O1869,P0184,5,640.58
OD0690,O1338,P0015,7,399.82
OD0691,O0697,P0161,2,342.64
OD0692,O1561,P0094,8,481.31
OD0693,O1806,P0040,5,810.38
OD0694,O1384,P0196,1,124.65
OD0695,O0769,P0166,8,481.31
OD0696,O0980,P0098,10,27.48
OD0697,O1033,P0013,5,359.1
OD0698,O0095,P0006,3,639.85
OD0699,O1745,P0028,9,319.81
OD0700,O0707,P0008,9,248.41
OD0701,O1062,P0141,8,781.48
OD0702,O0718,P0189,8,710.94
OD0703,O0403,P0103,10,654.59
OD0704,O0730,P0148,4,413.57
OD0705,O1844,P0099,6,764.97
OD0706,O0043,P0032,1,798.69
OD0707,O0128,P0040,7,152.59
OD0708,O0705,P0083,6,676.77
OD0709,O0363,P0117,3,810.38
OD0710,O1603,P0141,2,198.98
OD0711,O1760,P0185,4,58.6
OD0712,O0636,P0127,9,962.72
OD0713,O0335,P0010,9,379.8
OD0714,O0647,P0175,5,390.21
OD0715,O1969,P0071,6,210.93
OD0716,O0943,P0107,1,559.19
OD0717,O0011,P0126,10,355.13
OD0718,O1934,P0125,3,359.1
OD0719,O1546,P0175,1,530.65
OD0720,O1779,P0070,2,344.89
OD0721,O0263,P0038,5,142.24
OD0722,O0640,P0061,10,636.14
OD0723,O1085,P0172,6,198.98
OD0724,O1077,P0047,7,11.52
OD0725,O1475,P0157,7,65.81
OD0726,O0950,P0037,4,269.77
OD0727,O0166,P0038,6,612.08
OD0728,O1417,P0030,8,399.82
OD0729,O0992,P0170,7,778.9
OD0730,O0826,P0008,8,688.97
OD0731,O0109,P0093,7,772.14
OD0732,O0510,P0113,9,526.87
OD0733,O1273,P0145,8,586.12
OD0734,O1719,P0123,8,890.48
OD0735,O0423,P0105,5,199.05
OD0736,O0938,P0121,1,252.73
OD0737,O1812,P0060,1,841.75
OD0738,O0890,P0049,4,596.95
OD0739,O0305,P0140,4,868.39
OD0740,O0953,P0141,5,539.07
OD0741,O0547,P0017,3,443.03
OD0742,O1400,P0053,9,347.66
OD0743,O0930,P0092,8,152.86
OD0744,O1989,P0022,5,677.5
OD0745,O0102,P0148,4,500.83
OD0746,O1161,P0107,1,682.35
OD0747,O0490,P0006,2,718.63
OD0748,O0441,P0134,7,900.76
OD0749,O1831,P0161,3,347.8
OD0750,O0573,P0054,4,390.21
OD0751,O0561,P0064,7,342.64
OD0752,O0313,P0008,4,504.0
OD0753,O1874,P0148,1,869.52
OD0754,O1311,P0046,4,481.31
OD0755,O1493,P0161,5,841.75
OD0756,O1736,P0075,3,65.81
OD0757,O1917,P0101,3,359.1
OD0758,O0292,P0141,8,421.53
OD0759,O1393,P0060,3,507.18
OD0760,O1704,P0026,10,95.0
OD0761,O1836,P0154,6,390.21
OD0762,O1893,P0050,5,481.31
OD0763,O1559,P0021,9,515.38
OD0764,O1456,P0188,4,425.95
OD0765,O1919,P0071,2,608.81
OD0766,O0018,P0092,3,979.95
OD0767,O0484,P0159,9,390.21
OD0768,O0907,P0061,7,6.13
OD0769,O1372,P0146,6,466.64
OD0770,O1743,P0014,8,441.92
OD0771,O1882,P0082,3,688.73
OD0772,O0124,P0086,9,347.8
OD0773,O0167,P0021,5,248.41
OD0774,O1308,P0014,9,793.06
OD0775,O0993,P0076,5,716.65
OD0776,O1367,P0124,3,347.8
OD0777,O1976,P0168,8,269.77
OD0778,O0976,P0093,7,347.84
OD0779,O0334,P0160,2,124.65
OD0780,O0827,P0067,7,490.37
OD0781,O1457,P0187,8,902.08
OD0782,O0049,P0068,4,500.83
OD0783,O0673,P0196,3,925.36
OD0784,O0211,P0104,8,419.41
OD0785,O1009,P0182,3,731.13
OD0786,O1850,P0074,8,673.14
OD0787,O1501,P0089,2,203.55
OD0788,O1471,P0009,7,925.36
OD0789,O1785,P0014,4,689.72
OD0790,O1985,P0195,9,115.53
OD0791,O1583,P0082,8,703.65
OD0792,O1560,P0166,10,120.37
OD0793,O1330,P0121,10,307.36
OD0794,O1581,P0068,5,798.69
OD0795,O0234,P0068,7,863.93
OD0796,O0977,P0011,3,161.93
OD0797,O1782,P0107,9,888.45
OD0798,O1339,P0087,7,559.19
OD0799,O0731,P0002,7,830.19
OD0800,O0554,P0080,9,94.0
OD0801,O0363,P0169,2,538.77
OD0802,O1500,P0050,1,682.35
OD0803,O0495,P0072,7,731.13
OD0804,O1337,P0025,8,481.87
OD0805,O0034,P0145,7,558.19
OD0806,O0329,P0002,3,587.91
OD0807,O0535,P0135,1,704.94
OD0808,O1508,P0049,4,979.95
OD0809,O0840,P0200,1,269.77
OD0810,O1770,P0006,7,875.31
OD0811,O1975,P0127,4,11.52
OD0812,O1871,P0149,2,962.94
OD0813,O1371,P0101,8,962.94
OD0814,O1774,P0119,7,639.85
OD0815,O0183,P0088,10,515.38
OD0816,O0472,P0194,9,480.56
OD0817,O1230,P0048,4,441.92
OD0818,O0387,P0075,6,909.17
OD0819,O1626,P0169,8,310.52
OD0820,O1409,P0077,10,303.9
OD0821,O1927,P0163,3,586.12
OD0822,O0463,P0002,4,781.48
OD0823,O0769,P0026,6,868.39
OD0824,O0851,P0191,2,239.15
OD0825,O1357,P0005,4,644.72
OD0826,O0958,P0184,9,863.93
OD0827,O1463,P0041,1,793.06
OD0828,O0784,P0156,2,632.12
OD0829,O1345,P0174,10,915.67
OD0830,O0156,P0009,8,379.8
OD0831,O0316,P0007,8,710.94
OD0832,O1961,P0032,2,518.19
OD0833,O1892,P0022,4,810.24
OD0834,O0064,P0149,10,207.38
OD0835,O0958,P0131,3,27.48
OD0836,O1016,P0103,7,538.77
OD0837,O1971,P0071,9,68.29
OD0838,O1490,P0100,9,676.77
OD0839,O1052,P0060,10,983.61
OD0840,O0754,P0006,5,339.15
OD0841,O1310,P0105,1,438.61
OD0842,O1230,P0182,6,814.09
OD0843,O0878,P0118,1,704.94
OD0844,O1276,P0160,1,925.36
OD0845,O0743,P0083,3,581.6
OD0846,O1630,P0015,9,778.9
OD0847,O0919,P0080,10,359.1
OD0848,O1023,P0052,10,372.48
OD0849,O1021,P0085,9,120.37
OD0850,O0496,P0018,8,951.7
OD0851,O0979,P0057,5,359.1
OD0852,O1395,P0091,5,399.82
OD0853,O1692,P0094,1,307.36
OD0854,O0981,P0168,7,830.19
OD0855,O1822,P0189,2,673.14
OD0856,O0906,P0115,9,217.39
OD0857,O0344,P0087,5,625.33
OD0858,O1729,P0107,5,559.19
OD0859,O1686,P0178,3,94.0
OD0860,O0467,P0168,4,793.06
OD0861,O1760,P0066,9,640.58
OD0862,O0695,P0045,1,581.6
OD0863,O0643,P0018,1,313.17
OD0864,O0204,P0072,8,522.34
OD0865,O1386,P0024,7,65.81
OD0866,O1315,P0162,5,673.14
OD0867,O0992,P0175,4,871.3
OD0868,O0915,P0129,1,703.65
OD0869,O0412,P0110,6,915.67
OD0870,O0871,P0054,6,900.76
OD0871,O1071,P0107,5,169.96
OD0872,O1035,P0149,4,645.62
OD0873,O1670,P0113,2,94.0
OD0874,O0902,P0174,4,199.05
OD0875,O0671,P0075,3,608.81
OD0876,O0769,P0008,6,203.55
OD0877,O1757,P0165,10,586.12
OD0878,O1678,P0064,3,235.36
OD0879,O1115,P0108,6,639.85
OD0880,O0335,P0027,8,830.19
OD0881,O1731,P0170,5,217.39
OD0882,O1680,P0134,5,814.09
OD0883,O1996,P0026,3,359.1
OD0884,O0890,P0200,9,264.99
OD0885,O0211,P0099,10,806.91
OD0886,O0553,P0046,5,379.8
OD0887,O0400,P0172,10,421.53
OD0888,O0374,P0007,5,98.76
OD0889,O0835,P0017,8,639.85
OD0890,O1348,P0185,8,781.48
OD0891,O0871,P0124,9,113.96
OD0892,O1979,P0184,2,518.19
OD0893,O1272,P0190,7,102.99
OD0894,O1436,P0019,8,444.16
OD0895,O1599,P0192,5,526.87
OD0896,O1169,P0016,7,348.08
OD0897,O0798,P0027,3,273.89
OD0898,O0697,P0165,10,307.36
OD0899,O1302,P0166,2,875.31
OD0900,O0834,P0183,4,522.34
OD0901,O1995,P0200,1,596.95
OD0902,O1005,P0146,6,495.37
OD0903,O1004,P0111,9,466.64
OD0904,O0435,P0181,9,120.37
OD0905,O0339,P0103,3,632.12
OD0906,O1666,P0032,10,281.76
OD0907,O1759,P0154,3,114.74
OD0908,O0901,P0096,3,68.29
OD0909,O0071,P0062,9,581.6
OD0910,O0551,P0131,3,307.36
OD0911,O0708,P0157,1,612.08
OD0912,O1666,P0151,3,692.71
OD0913,O0796,P0149,4,493.36
OD0914,O1378,P0053,5,372.48
OD0915,O1927,P0130,7,496.43
OD0916,O1807,P0011,5,68.29
OD0917,O0432,P0179,10,875.31
OD0918,O1698,P0168,8,778.9
OD0919,O1856,P0124,5,654.59
OD0920,O0270,P0140,7,355.13
OD0921,O0193,P0064,2,425.95
OD0922,O1423,P0091,3,688.73
OD0923,O0318,P0029,6,95.77
OD0924,O1135,P0031,10,58.6
OD0925,O0213,P0101,4,677.5
OD0926,O0502,P0057,5,710.94
OD0927,O0654,P0046,5,814.09
OD0928,O1168,P0050,5,347.66
OD0929,O1266,P0075,4,976.8
OD0930,O0525,P0194,1,632.12
OD0931,O0559,P0149,5,869.64
OD0932,O1551,P0200,1,438.61
OD0933,O1502,P0191,10,979.95
OD0934,O0216,P0091,7,456.09
OD0935,O0907,P0088,5,778.9
OD0936,O1944,P0011,4,625.33
OD0937,O0267,P0164,9,499.29
OD0938,O0858,P0106,10,308.23
OD0939,O1995,P0118,4,558.19
OD0940,O0275,P0145,7,196.44
OD0941,O1820,P0104,8,364.72
OD0942,O0246,P0018,1,493.36
OD0943,O1229,P0155,3,58.6
OD0944,O1262,P0135,4,438.61
OD0945,O1026,P0107,2,380.11
OD0946,O0911,P0053,9,339.15
OD0947,O0442,P0092,10,330.99
OD0948,O0523,P0020,2,989.68
OD0949,O0856,P0069,10,776.99
OD0950,O1627,P0125,3,837.21
OD0951,O1495,P0101,1,142.24
OD0952,O0986,P0116,9,281.76
OD0953,O1021,P0123,5,682.35
OD0954,O0136,P0186,9,692.71
OD0955,O1459,P0169,3,675.29
OD0956,O0997,P0080,8,22.06
OD0957,O0308,P0089,7,273.89
OD0958,O1963,P0050,8,675.29
OD0959,O0750,P0082,2,264.99
OD0960,O0765,P0057,5,530.65
OD0961,O1302,P0028,7,201.59
OD0962,O0523,P0090,2,559.19
OD0963,O1100,P0059,8,317.21
OD0964,O0297,P0192,2,112.52
OD0965,O1544,P0158,8,593.58
OD0966,O1615,P0090,7,915.67
OD0967,O0823,P0139,3,778.9
OD0968,O0354,P0066,2,281.26
OD0969,O1387,P0174,7,930.59
OD0970,O1360,P0006,7,493.36
OD0971,O0550,P0188,7,522.34
OD0972,O0373,P0153,9,951.7
OD0973,O0515,P0185,7,522.34
OD0974,O1657,P0066,8,608.81
OD0975,O1114,P0060,10,102.99
OD0976,O1407,P0064,4,871.3
OD0977,O1558,P0137,9,530.65
OD0978,O0394,P0055,10,979.95
OD0979,O1689,P0087,8,915.67
OD0980,O1695,P0125,6,837.21
OD0981,O0637,P0194,9,443.03
OD0982,O1637,P0195,4,645.62
OD0983,O0396,P0179,1,639.85
OD0984,O1188,P0196,8,966.31
OD0985,O0277,P0156,5,115.53
OD0986,O0711,P0191,8,703.65
OD0987,O1359,P0024,4,404.91
OD0988,O1873,P0165,10,347.84
OD0989,O0939,P0137,5,983.61
OD0990,O0714,P0102,4,307.36
OD0991,O0134,P0034,9,875.31
OD0992,O1125,P0035,10,303.9
OD0993,O1947,P0069,5,909.17
OD0994,O1531,P0197,4,530.65
OD0995,O1139,P0009,3,676.77
OD0996,O0129,P0009,4,933.51
OD0997,O0508,P0007,4,217.51
OD0998,O1100,P0048,1,703.65
OD0999,O0529,P0170,10,930.59
OD1000,O1321,P0072,10,619.17
OD1001,O0920,P0075,8,612.08
OD1002,O1083,P0087,1,979.95
OD1003,O1163,P0014,2,217.51
OD1004,O0733,P0007,6,688.73
OD1005,O1979,P0134,10,114.9
OD1006,O1374,P0123,4,869.52
OD1007,O1527,P0079,1,359.1
OD1008,O0456,P0072,9,888.45
OD1009,O0675,P0016,5,355.13
OD1010,O0564,P0064,3,102.99
OD1011,O1180,P0066,9,58.6
OD1012,O1192,P0047,3,689.72
OD1013,O0953,P0014,2,830.19
OD1014,O1034,P0009,1,561.28
OD1015,O1866,P0132,7,875.31
OD1016,O0992,P0072,2,902.08
OD1017,O0584,P0135,2,421.53
OD1018,O1673,P0031,4,793.06
OD1019,O0617,P0119,4,625.33
OD1020,O1093,P0189,8,203.55
OD1021,O0098,P0134,4,481.31
OD1022,O0290,P0083,2,951.7
OD1023,O0248,P0090,6,438.61
OD1024,O0667,P0009,10,390.21
OD1025,O1900,P0020,2,443.03
OD1026,O1469,P0129,10,504.0
OD1027,O0546,P0023,8,425.95
OD1028,O1432,P0032,8,640.58
OD1029,O1150,P0163,1,380.11
OD1030,O0047,P0095,4,499.29
OD1031,O1971,P0033,3,399.82
OD1032,O1626,P0193,5,467.79
OD1033,O1033,P0071,9,272.5
OD1034,O0369,P0168,7,152.86
OD1035,O0747,P0177,7,308.23
OD1036,O1642,P0020,4,900.74
OD1037,O0898,P0153,7,199.05
OD1038,O0702,P0142,2,798.69
OD1039,O0294,P0200,7,776.99
OD1040,O1532,P0033,1,507.18
OD1041,O0818,P0141,4,586.12
OD1042,O0546,P0064,2,115.53
OD1043,O1870,P0020,2,723.79
OD1044,O0985,P0141,4,438.61
OD1045,O1619,P0105,3,273.89
OD1046,O0183,P0142,3,444.16
OD1047,O1039,P0136,6,810.24
OD1048,O1737,P0169,7,644.72
OD1049,O1046,P0030,5,303.9
OD1050,O1991,P0107,7,619.17
OD1051,O1340,P0064,3,653.29
OD1052,O1528,P0050,1,526.87
OD1053,O1694,P0177,2,915.67
OD1054,O1963,P0023,2,814.51
OD1055,O1720,P0152,2,272.5
OD1056,O1530,P0076,7,312.6
OD1057,O1255,P0136,7,404.91
OD1058,O1073,P0106,4,639.85
OD1059,O1737,P0146,7,95.0
OD1060,O1087,P0004,6,94.0
OD1061,O0470,P0191,9,307.36
OD1062,O0222,P0094,6,694.15
OD1063,O0716,P0143,1,312.6
OD1064,O0270,P0012,6,419.41
OD1065,O0033,P0190,9,806.91
OD1066,O0532,P0130,7,515.38
OD1067,O1280,P0036,3,355.13
OD1068,O1516,P0016,4,639.85
OD1069,O1098,P0171,5,330.99
OD1070,O1863,P0032,2,205.7
OD1071,O0613,P0007,1,682.35
OD1072,O1531,P0101,2,303.9
OD1073,O0730,P0064,4,161.93
OD1074,O0150,P0164,9,312.6
OD1075,O1884,P0075,6,723.79
OD1076,O1469,P0175,9,983.61
OD1077,O0930,P0136,10,675.41
OD1078,O0746,P0033,1,312.6
OD1079,O1528,P0089,10,281.76
OD1080,O1607,P0108,9,342.64
OD1081,O0297,P0085,4,252.73
OD1082,O1192,P0180,8,808.25
OD1083,O0908,P0127,3,522.34
OD1084,O1724,P0196,10,438.61
OD1085,O1837,P0001,6,112.52
OD1086,O0671,P0163,7,203.55
OD1087,O0077,P0011,5,781.48
OD1088,O1362,P0001,4,421.53
OD1089,O1045,P0140,2,425.95
OD1090,O1932,P0017,5,694.15
OD1091,O1830,P0129,10,900.74
OD1092,O1348,P0045,8,319.81
OD1093,O0220,P0168,9,522.34
OD1094,O1423,P0039,5,430.5
OD1095,O0387,P0138,6,810.24
OD1096,O0143,P0196,9,264.99
OD1097,O0527,P0013,2,558.19
OD1098,O1425,P0120,3,413.57
OD1099,O0441,P0063,5,201.59
OD1100,O1351,P0116,10,205.7
OD1101,O1516,P0107,6,869.64
OD1102,O1454,P0139,7,114.9
OD1103,O0542,P0034,7,951.7
OD1104,O0484,P0147,5,876.01
OD1105,O1126,P0069,5,348.08
OD1106,O1005,P0168,2,612.08
OD1107,O0824,P0114,7,273.89
OD1108,O0239,P0072,1,596.95
OD1109,O1712,P0161,4,308.23
OD1110,O1465,P0195,1,868.39
OD1111,O1059,P0131,10,342.64
OD1112,O0514,P0025,1,863.93
OD1113,O1503,P0058,4,495.37
OD1114,O0812,P0097,4,798.69
OD1115,O0871,P0054,2,40.01
OD1116,O1991,P0042,10,876.01
OD1117,O0586,P0102,7,808.25
OD1118,O0007,P0006,6,772.14
OD1119,O1884,P0023,5,778.9
OD1120,O0676,P0142,2,718.63
OD1121,O0750,P0097,5,612.08
OD1122,O0813,P0121,3,673.14
OD1123,O0785,P0122,9,441.92
OD1124,O1584,P0020,8,869.52
OD1125,O0124,P0149,8,731.13
OD1126,O0012,P0159,1,114.74
OD1127,O1034,P0011,5,379.8
OD1128,O0784,P0110,5,421.53
OD1129,O0416,P0186,8,723.79
OD1130,O1001,P0051,2,778.9
OD1131,O1937,P0130,10,252.73
OD1132,O1484,P0025,8,380.11
OD1133,O1824,P0142,8,161.93
OD1134,O0971,P0138,2,752.73
OD1135,O1672,P0091,7,776.99
OD1136,O0418,P0158,6,307.36
OD1137,O0107,P0032,9,466.64
OD1138,O1482,P0197,5,499.29
OD1139,O0891,P0041,5,507.18
OD1140,O0208,P0175,10,875.31
OD1141,O1589,P0001,2,951.7
OD1142,O1852,P0127,10,307.39
OD1143,O1214,P0036,1,264.99
OD1144,O1295,P0045,5,915.67
OD1145,O0525,P0127,5,379.8
OD1146,O1387,P0163,1,196.44
OD1147,O1622,P0056,10,438.61
OD1148,O1739,P0139,10,11.52
OD1149,O1175,P0047,1,688.73
OD1150,O0999,P0106,1,404.91
OD1151,O0384,P0148,8,504.0
OD1152,O1205,P0093,4,281.26
OD1153,O0318,P0076,10,869.52
OD1154,O2000,P0200,4,925.36
OD1155,O1740,P0105,3,810.38
OD1156,O1444,P0102,9,632.12
OD1157,O0893,P0187,5,841.75
OD1158,O1740,P0119,6,443.03
OD1159,O0681,P0079,1,379.8
OD1160,O0072,P0066,9,313.17
OD1161,O0971,P0048,1,808.25
OD1162,O1158,P0117,8,781.48
OD1163,O1995,P0104,7,207.38
OD1164,O1620,P0182,10,120.37
OD1165,O0336,P0060,7,217.39
OD1166,O1926,P0164,3,319.81
OD1167,O1781,P0104,4,307.36
OD1168,O0576,P0049,5,755.45
OD1169,O0226,P0013,2,522.34
OD1170,O0945,P0046,9,239.15
OD1171,O0481,P0089,6,837.21
OD1172,O0673,P0171,10,203.55
OD1173,O0123,P0069,9,692.71
OD1174,O0719,P0050,1,682.47
OD1175,O0642,P0073,9,636.14
OD1176,O0735,P0173,4,22.06
OD1177,O1764,P0157,10,830.19
OD1178,O1414,P0038,3,869.42
OD1179,O1907,P0018,5,359.1
OD1180,O0364,P0073,4,11.52
OD1181,O0522,P0192,2,806.91
OD1182,O1197,P0118,10,874.02
OD1183,O0309,P0057,6,989.68
OD1184,O1083,P0157,7,252.73
OD1185,O0793,P0093,10,764.97
OD1186,O1796,P0052,6,581.6
OD1187,O1805,P0076,9,810.38
OD1188,O0792,P0060,2,689.72
OD1189,O0903,P0129,5,201.59
OD1190,O1178,P0174,7,778.9
OD1191,O1939,P0135,1,113.96
OD1192,O1242,P0072,9,310.52
OD1193,O1198,P0158,3,808.25
OD1194,O0001,P0007,6,252.14
OD1195,O1152,P0186,8,456.09
OD1196,O0230,P0017,6,640.58
OD1197,O0578,P0088,7,467.79
OD1198,O0769,P0088,5,781.48
OD1199,O0394,P0138,4,810.24
OD1200,O1921,P0121,5,348.08
OD1201,O0231,P0091,5,507.18
OD1202,O0506,P0074,4,876.01
OD1203,O0377,P0141,2,11.52
OD1204,O1330,P0155,2,499.29
OD1205,O0453,P0083,1,653.29
OD1206,O0123,P0128,5,522.34
OD1207,O0669,P0143,1,95.77
OD1208,O0471,P0038,5,868.39
OD1209,O0078,P0005,4,966.31
OD1210,O0023,P0117,10,319.81
OD1211,O1019,P0172,6,430.5
OD1212,O0800,P0182,1,915.67
OD1213,O0557,P0068,1,252.73
OD1214,O0225,P0060,4,675.41
OD1215,O0384,P0004,7,962.94
OD1216,O1988,P0183,5,814.51
OD1217,O1075,P0099,7,443.03
OD1218,O0633,P0107,3,112.52
OD1219,O0045,P0010,8,430.5
OD1220,O1505,P0165,9,114.9
OD1221,O0793,P0170,1,951.7
OD1222,O0326,P0016,1,499.29
OD1223,O1844,P0139,9,413.57
OD1224,O0446,P0125,7,65.81
OD1225,O1278,P0115,1,289.16
OD1226,O1239,P0155,8,368.19
OD1227,O0330,P0101,4,272.5
OD1228,O0803,P0035,9,653.29
OD1229,O0379,P0102,3,900.74
OD1230,O1810,P0145,10,962.72
OD1231,O1003,P0161,3,710.94
OD1232,O1264,P0175,9,972.42
OD1233,O1840,P0185,6,399.82
OD1234,O1137,P0148,8,798.69
OD1235,O0545,P0153,9,379.8
OD1236,O0432,P0078,4,579.17
OD1237,O0269,P0034,5,252.14
OD1238,O1671,P0040,3,348.08
OD1239,O1881,P0130,4,390.21
OD1240,O0235,P0011,6,196.44
OD1241,O0546,P0114,1,347.8
OD1242,O0886,P0092,2,399.82
OD1243,O0617,P0147,3,347.84
OD1244,O1399,P0062,6,98.76
OD1245,O1334,P0189,3,493.36
OD1246,O0750,P0157,9,201.59
OD1247,O0783,P0144,1,342.64
OD1248,O0896,P0043,6,814.09
OD1249,O0906,P0001,8,581.6
OD1250,O0576,P0176,4,425.95
OD1251,O1769,P0011,6,814.09
OD1252,O1846,P0056,6,772.14
OD1253,O0876,P0075,3,798.69
OD1254,O1611,P0094,10,380.11
OD1255,O1457,P0137,5,205.7
OD1256,O0242,P0150,7,113.96
OD1257,O1533,P0033,5,312.6
OD1258,O1628,P0176,9,347.8
OD1259,O0235,P0054,5,289.16
OD1260,O1273,P0100,10,979.95
OD1261,O0377,P0063,3,951.7
OD1262,O1530,P0075,3,342.64
OD1263,O1752,P0141,6,444.16
OD1264,O1560,P0060,10,348.08
OD1265,O0067,P0095,10,752.73
OD1266,O0513,P0145,10,915.67
OD1267,O0027,P0055,3,235.36
OD1268,O1752,P0059,8,68.29
OD1269,O1997,P0012,9,806.91
OD1270,O1483,P0072,3,443.03
OD1271,O1070,P0151,6,778.9
OD1272,O0335,P0106,10,676.77
OD1273,O0546,P0141,8,688.73
OD1274,O0857,P0027,9,962.94
OD1275,O0874,P0124,1,636.14
OD1276,O1490,P0156,3,915.67
OD1277,O1185,P0198,5,596.95
OD1278,O1752,P0169,9,755.45
OD1279,O1871,P0061,7,6.13
OD1280,O0312,P0046,4,190.5
OD1281,O1813,P0098,9,344.89
OD1282,O0924,P0016,2,810.24
OD1283,O0775,P0189,8,688.68
OD1284,O1934,P0009,5,539.07
OD1285,O1437,P0028,1,390.21
OD1286,O0910,P0181,1,210.93
OD1287,O1083,P0036,8,972.42
OD1288,O0636,P0187,6,467.79
OD1289,O0387,P0046,5,776.99
OD1290,O0219,P0051,1,319.81
OD1291,O1841,P0133,3,515.38
OD1292,O0542,P0121,9,526.87
OD1293,O1400,P0124,1,413.57
OD1294,O0444,P0033,2,161.93
OD1295,O1340,P0137,3,673.14
OD1296,O0963,P0196,3,114.74
OD1297,O1504,P0021,3,496.43
OD1298,O0797,P0178,1,723.79
OD1299,O1963,P0160,2,688.97
OD1300,O0534,P0191,10,390.21
OD1301,O0083,P0093,9,114.9
OD1302,O0388,P0117,5,739.09
OD1303,O1180,P0037,1,689.72
OD1304,O0158,P0140,4,65.81
OD1305,O1031,P0117,2,190.5
OD1306,O1627,P0092,7,419.41
OD1307,O0020,P0184,3,625.33
OD1308,O0967,P0186,9,319.81
OD1309,O0008,P0189,3,319.81
OD1310,O0839,P0024,6,645.62
OD1311,O0544,P0125,1,579.17
OD1312,O0325,P0020,2,900.74
OD1313,O0355,P0083,8,319.81
OD1314,O0881,P0125,9,207.38
OD1315,O0913,P0066,10,810.24
OD1316,O0662,P0124,5,307.36
OD1317,O0849,P0175,1,114.74
OD1318,O0024,P0014,4,22.06
OD1319,O1813,P0073,1,871.3
OD1320,O1286,P0171,8,6.13
OD1321,O1793,P0055,1,368.19
OD1322,O1454,P0065,1,682.47
OD1323,O1618,P0032,4,841.75
OD1324,O1517,P0150,2,161.93
OD1325,O0867,P0178,2,217.39
OD1326,O1885,P0198,2,419.41
OD1327,O0813,P0034,1,530.65
OD1328,O0471,P0105,1,976.8
OD1329,O1386,P0092,6,781.48
OD1330,O0754,P0016,9,399.82
OD1331,O1644,P0058,2,102.99
OD1332,O1105,P0112,5,716.65
OD1333,O1597,P0061,9,152.59
OD1334,O1513,P0170,3,869.64
OD1335,O1467,P0075,5,522.34
OD1336,O0182,P0139,9,639.85
OD1337,O0262,P0159,4,493.36
OD1338,O1988,P0180,5,688.97
OD1339,O0734,P0001,8,368.19
OD1340,O0835,P0041,2,114.74
OD1341,O1497,P0085,3,313.17
OD1342,O1921,P0128,6,654.59
OD1343,O0351,P0017,9,368.19
OD1344,O1289,P0138,4,355.13
OD1345,O0767,P0015,6,972.42
OD1346,O1771,P0189,3,379.8
OD1347,O1241,P0042,5,579.17
OD1348,O1168,P0060,2,632.12
OD1349,O0336,P0093,5,303.9
OD1350,O0990,P0058,1,348.08
OD1351,O1347,P0111,7,682.47
OD1352,O1478,P0008,3,989.68
OD1353,O0002,P0120,6,207.38
OD1354,O0480,P0108,9,310.52
OD1355,O1508,P0175,10,716.65
OD1356,O0945,P0128,4,640.58
OD1357,O1507,P0073,3,900.74
OD1358,O0733,P0172,3,718.63
OD1359,O1472,P0011,5,902.08
OD1360,O0284,P0059,2,307.39
OD1361,O0255,P0053,3,808.25
OD1362,O1979,P0048,10,876.01
OD1363,O0268,P0149,9,704.94
OD1364,O1068,P0180,7,364.72
OD1365,O0221,P0047,7,830.19
OD1366,O0871,P0065,3,703.65
OD1367,O0948,P0026,6,500.83
OD1368,O0118,P0022,8,976.8
OD1369,O0269,P0090,9,869.42
OD1370,O1479,P0025,5,115.53
OD1371,O0594,P0070,5,190.5
OD1372,O1174,P0037,8,430.5
OD1373,O1198,P0105,3,694.15
OD1374,O1664,P0103,7,27.48
OD1375,O1890,P0192,9,909.17
OD1376,O0239,P0054,6,868.39
OD1377,O1260,P0047,5,94.0
OD1378,O0902,P0173,2,558.19
OD1379,O1707,P0166,2,281.26
OD1380,O0231,P0076,3,798.69
OD1381,O0488,P0149,1,645.62
OD1382,O0809,P0158,4,676.77
OD1383,O0604,P0126,2,11.52
OD1384,O0642,P0025,6,518.19
OD1385,O1650,P0025,9,359.1
OD1386,O1292,P0004,7,654.59
OD1387,O1102,P0022,7,781.48
OD1388,O1370,P0077,3,703.65
OD1389,O1546,P0200,3,390.21
OD1390,O0589,P0163,7,694.15
OD1391,O0386,P0095,7,675.29
OD1392,O0770,P0125,10,313.17
OD1393,O0051,P0172,8,322.48
OD1394,O1142,P0019,3,764.97
OD1395,O0888,P0039,4,871.3
OD1396,O0523,P0122,6,983.61
OD1397,O0739,P0085,1,252.73
OD1398,O0674,P0107,10,65.81
OD1399,O0786,P0118,6,281.76
OD1400,O0477,P0059,4,269.77
OD1401,O0028,P0119,1,689.72
OD1402,O0869,P0049,5,319.81
OD1403,O1998,P0163,10,272.5
OD1404,O1031,P0146,4,653.29
OD1405,O0093,P0017,8,269.77
OD1406,O1312,P0082,10,909.17
OD1407,O1471,P0132,5,538.77
OD1408,O0435,P0176,2,644.72
OD1409,O0935,P0181,8,456.09
OD1410,O1125,P0120,8,518.19
OD1411,O1996,P0040,9,203.55
OD1412,O0892,P0075,10,404.91
OD1413,O1710,P0159,9,114.74
OD1414,O0849,P0162,2,306.14
OD1415,O1258,P0008,6,120.37
OD1416,O0404,P0063,7,808.25
OD1417,O1566,P0091,9,322.48
OD1418,O1156,P0023,10,307.36
OD1419,O1214,P0061,1,272.5
OD1420,O1699,P0117,8,644.72
OD1421,O0136,P0149,8,581.6
OD1422,O1217,P0069,7,830.19
OD1423,O0451,P0063,6,289.16
OD1424,O1437,P0196,5,933.51
OD1425,O0058,P0154,9,372.48
OD1426,O1782,P0016,9,689.72
OD1427,O1944,P0181,10,900.76
OD1428,O0027,P0142,4,612.08
OD1429,O1007,P0200,10,95.0
OD1430,O0400,P0008,5,281.76
OD1431,O0338,P0052,8,776.99
OD1432,O0607,P0198,4,522.34
OD1433,O0459,P0090,9,808.25
OD1434,O0256,P0192,1,65.81
OD1435,O1203,P0116,10,102.99
OD1436,O1956,P0191,5,716.65
OD1437,O1523,P0090,8,962.94
OD1438,O0996,P0027,10,689.72
OD1439,O1787,P0055,4,522.34
OD1440,O1603,P0050,7,248.41
OD1441,O1844,P0170,8,890.48
OD1442,O1981,P0004,3,776.99
OD1443,O0988,P0042,9,830.19
OD1444,O1531,P0031,6,781.48
OD1445,O1005,P0169,4,875.31
OD1446,O0666,P0050,6,390.21
OD1447,O0797,P0138,4,421.53
OD1448,O0026,P0066,8,586.44
OD1449,O1738,P0015,9,675.29
OD1450,O0194,P0044,10,752.73
OD1451,O0507,P0113,4,281.26
OD1452,O0791,P0054,3,252.73
OD1453,O1644,P0012,8,522.34
OD1454,O1478,P0153,6,837.21
OD1455,O1408,P0196,4,438.61
OD1456,O1164,P0177,1,495.37
OD1457,O0105,P0159,1,951.7
OD1458,O1578,P0190,8,196.44
OD1459,O0418,P0198,7,989.68
OD1460,O1488,P0069,4,869.42
OD1461,O0281,P0129,6,587.91
OD1462,O0506,P0151,3,731.13
OD1463,O1040,P0187,8,653.29
OD1464,O1138,P0009,2,755.45
OD1465,O0150,P0176,3,444.16
OD1466,O1389,P0090,9,40.01
OD1467,O1255,P0122,10,806.91
OD1468,O0194,P0174,6,764.97
OD1469,O0816,P0018,8,347.84
OD1470,O1351,P0133,4,830.19
OD1471,O0066,P0028,1,586.12
OD1472,O0029,P0176,6,278.92
OD1473,O0574,P0024,9,94.0
OD1474,O1856,P0166,9,830.19
OD1475,O1919,P0078,5,930.59
OD1476,O1256,P0125,7,798.69
OD1477,O1193,P0010,2,915.67
OD1478,O1050,P0046,3,347.66
OD1479,O1542,P0131,9,264.99
OD1480,O0844,P0155,1,798.69
OD1481,O1137,P0187,8,645.62
OD1482,O1947,P0034,3,113.96
OD1483,O0212,P0156,2,65.81
OD1484,O0483,P0042,5,989.68
OD1485,O0481,P0173,10,703.65
OD1486,O1869,P0086,9,459.2
OD1487,O1952,P0027,4,772.14
OD1488,O0864,P0155,6,868.39
OD1489,O0798,P0125,5,814.09
OD1490,O0666,P0033,3,102.99
OD1491,O0036,P0142,8,480.56
OD1492,O0171,P0181,4,869.64
OD1493,O1021,P0109,7,596.95
OD1494,O1273,P0151,6,900.76
OD1495,O0194,P0036,5,888.45
OD1496,O1394,P0141,4,339.15
OD1497,O1338,P0160,1,248.41
OD1498,O1869,P0085,8,962.72
OD1499,O0733,P0058,7,682.35
OD1500,O1728,P0019,8,764.97
OD1501,O1989,P0129,5,190.5
OD1502,O1534,P0114,2,404.91
OD1503,O0992,P0056,2,380.11
OD1504,O1118,P0150,6,972.42
OD1505,O1615,P0168,7,930.59
OD1506,O0299,P0152,2,976.8
OD1507,O1011,P0090,6,114.74
OD1508,O0117,P0012,9,900.76
OD1509,O1119,P0009,4,499.29
OD1510,O0726,P0180,10,515.38
OD1511,O1970,P0069,10,869.42
OD1512,O0891,P0065,5,456.09
OD1513,O1883,P0073,1,806.91
OD1514,O1636,P0154,2,205.7
OD1515,O1367,P0167,7,239.15
OD1516,O1509,P0186,2,962.94
OD1517,O0339,P0160,5,688.73
OD1518,O0372,P0130,3,675.29
OD1519,O1598,P0078,7,466.64
OD1520,O0813,P0026,5,481.31
OD1521,O0169,P0187,6,319.81
OD1522,O0166,P0108,3,640.58
OD1523,O1452,P0039,6,909.17
OD1524,O0778,P0075,7,962.94
OD1525,O1815,P0003,8,900.74
OD1526,O1702,P0109,4,723.79
OD1527,O1963,P0196,6,444.16
OD1528,O0687,P0046,2,518.19
OD1529,O0077,P0137,3,113.96
OD1530,O1010,P0031,4,677.5
OD1531,O1720,P0112,4,190.5
OD1532,O1882,P0004,1,586.12
OD1533,O1259,P0123,1,496.43
OD1534,O0833,P0098,10,653.29
OD1535,O1771,P0055,4,673.14
OD1536,O1132,P0178,7,217.39
OD1537,O1242,P0177,1,115.53
OD1538,O1016,P0185,2,40.01
OD1539,O0408,P0073,10,58.6
OD1540,O0759,P0149,10,778.9
OD1541,O1664,P0102,5,644.72
OD1542,O0111,P0127,2,675.29
OD1543,O1714,P0141,8,925.36
OD1544,O0745,P0072,2,347.8
OD1545,O0925,P0042,2,752.73
OD1546,O0664,P0055,7,518.19
OD1547,O1903,P0019,9,379.8
OD1548,O1761,P0066,9,481.87
OD1549,O1051,P0063,4,941.18
OD1550,O1478,P0112,5,252.14
OD1551,O1004,P0071,2,6.13
OD1552,O0924,P0014,9,441.92
OD1553,O1060,P0138,5,504.0
OD1554,O1039,P0102,8,808.25
OD1555,O0436,P0023,7,639.85
OD1556,O0676,P0115,4,810.24
OD1557,O0206,P0098,10,421.53
OD1558,O0223,P0153,8,372.48
OD1559,O0354,P0188,2,281.76
OD1560,O1672,P0174,3,95.77
OD1561,O1118,P0105,7,806.91
OD1562,O0657,P0058,4,909.17
OD1563,O1954,P0166,1,115.53
OD1564,O0077,P0080,10,248.41
OD1565,O1769,P0098,8,561.28
OD1566,O1621,P0062,7,515.38
OD1567,O0731,P0019,6,871.3
OD1568,O1591,P0195,3,731.13
OD1569,O1625,P0064,10,810.38
OD1570,O0487,P0108,8,239.15
OD1571,O0474,P0200,3,772.14
OD1572,O0553,P0171,9,925.36
OD1573,O1744,P0120,10,925.36
OD1574,O1236,P0126,8,459.2
OD1575,O0920,P0102,7,248.41
OD1576,O0346,P0008,9,217.39
OD1577,O0435,P0032,10,636.14
OD1578,O1111,P0002,6,330.99
OD1579,O1088,P0143,5,941.18
OD1580,O1583,P0081,7,682.47
OD1581,O1709,P0039,7,142.24
OD1582,O0369,P0028,9,317.21
OD1583,O0385,P0191,5,114.9
OD1584,O0546,P0101,6,278.92
OD1585,O0152,P0020,9,915.67
OD1586,O0706,P0179,5,723.79
OD1587,O0301,P0124,8,348.08
OD1588,O1615,P0044,8,481.31
OD1589,O1001,P0031,1,198.98
OD1590,O1402,P0022,7,372.48
OD1591,O0615,P0057,5,355.13
OD1592,O0746,P0053,7,444.16
OD1593,O0460,P0072,2,941.18
OD1594,O0340,P0008,4,798.69
OD1595,O1504,P0177,10,653.29
OD1596,O0094,P0200,5,909.17
OD1597,O1265,P0065,2,58.6
OD1598,O1851,P0030,5,814.09
OD1599,O0883,P0045,3,201.59
OD1600,O0971,P0195,8,586.44
OD1601,O1383,P0066,8,890.48
OD1602,O1128,P0064,9,481.31
OD1603,O0089,P0136,2,252.73
OD1604,O1501,P0085,7,909.17
OD1605,O1844,P0168,4,207.38
OD1606,O0408,P0044,5,342.64
OD1607,O1279,P0048,5,281.26
OD1608,O1280,P0173,9,902.08
OD1609,O0659,P0070,5,871.3
OD1610,O1528,P0027,9,495.37
OD1611,O0861,P0082,8,198.98
OD1612,O1182,P0041,2,645.62
OD1613,O0594,P0016,7,925.36
OD1614,O0815,P0047,9,355.13
OD1615,O1450,P0014,4,966.31
OD1616,O1115,P0198,8,120.37
OD1617,O0174,P0123,2,755.45
OD1618,O0747,P0162,1,559.19
OD1619,O1183,P0070,10,778.9
OD1620,O1404,P0002,2,413.57
OD1621,O0129,P0104,8,239.15
OD1622,O0668,P0196,10,951.7
OD1623,O1066,P0028,3,723.79
OD1624,O0967,P0110,7,909.17
OD1625,O1649,P0178,2,124.65
OD1626,O0156,P0117,6,586.44
OD1627,O0458,P0068,5,933.51
OD1628,O0077,P0077,6,530.65
OD1629,O0426,P0088,8,495.37
OD1630,O1714,P0013,2,983.61
OD1631,O1383,P0130,9,495.37
OD1632,O0044,P0016,10,95.0
OD1633,O0449,P0032,8,688.73
OD1634,O1785,P0139,1,252.73
OD1635,O0944,P0008,9,281.76
OD1636,O1077,P0067,10,902.08
OD1637,O0323,P0054,6,704.94
OD1638,O1501,P0187,3,772.14
OD1639,O1676,P0187,7,653.29
OD1640,O1900,P0028,8,68.29
OD1641,O0690,P0109,10,252.14
OD1642,O1663,P0069,6,636.14
OD1643,O0107,P0122,2,480.56
OD1644,O1879,P0065,10,793.06
OD1645,O0696,P0042,9,347.8
OD1646,O0246,P0074,2,876.01
OD1647,O1434,P0016,2,264.99
OD1648,O1993,P0051,2,776.99
OD1649,O0956,P0141,1,539.07
OD1650,O0356,P0012,9,459.2
OD1651,O1929,P0122,7,272.5
OD1652,O1147,P0059,6,723.79
OD1653,O0113,P0138,9,504.0
OD1654,O0928,P0018,2,654.59
OD1655,O1457,P0163,8,310.52
OD1656,O1562,P0089,10,718.63
OD1657,O1929,P0068,3,201.59
OD1658,O1972,P0175,10,152.86
OD1659,O0955,P0118,3,413.57
OD1660,O1265,P0183,2,347.84
OD1661,O0799,P0068,7,490.37
OD1662,O1711,P0127,2,210.93
OD1663,O1671,P0049,3,278.92
OD1664,O0754,P0069,6,716.65
OD1665,O0025,P0118,10,190.5
OD1666,O1263,P0118,6,874.02
OD1667,O0084,P0108,9,6.13
OD1668,O0376,P0112,3,344.89
OD1669,O0430,P0059,5,368.19
OD1670,O0659,P0108,4,810.24
OD1671,O0913,P0078,1,806.91
OD1672,O1832,P0055,1,281.26
OD1673,O0990,P0125,3,317.21
OD1674,O0075,P0129,1,868.39
OD1675,O0223,P0117,8,404.91
OD1676,O0621,P0078,2,951.7
OD1677,O0818,P0134,6,481.87
OD1678,O1310,P0058,6,688.97
OD1679,O1583,P0099,1,653.29
OD1680,O1852,P0082,7,689.72
OD1681,O1706,P0126,9,289.16
OD1682,O0929,P0102,2,22.06
OD1683,O0259,P0048,4,675.41
OD1684,O0755,P0151,8,830.19
OD1685,O1822,P0148,2,538.77
OD1686,O1659,P0015,7,810.24
OD1687,O0511,P0041,10,688.68
OD1688,O0621,P0074,10,814.51
OD1689,O1127,P0177,4,682.35
OD1690,O1133,P0166,9,347.66
OD1691,O1157,P0103,3,480.56
OD1692,O1970,P0133,5,962.94
OD1693,O0683,P0146,2,778.9
OD1694,O0335,P0021,3,504.0
OD1695,O0960,P0145,2,201.59
OD1696,O1159,P0080,4,65.81
OD1697,O1504,P0043,1,113.96
OD1698,O0612,P0132,3,348.08
OD1699,O1897,P0121,9,22.06
OD1700,O1365,P0109,3,430.5
OD1701,O1759,P0143,5,203.55
OD1702,O1490,P0115,1,303.9
OD1703,O1371,P0056,10,619.17
OD1704,O1770,P0191,3,972.42
OD1705,O0155,P0036,3,347.8
OD1706,O0063,P0124,2,317.21
OD1707,O0162,P0050,4,196.44
OD1708,O1823,P0125,2,330.99
OD1709,O0207,P0165,10,269.77
OD1710,O0534,P0147,4,372.48
OD1711,O1942,P0080,5,347.8
OD1712,O1015,P0109,4,639.85
OD1713,O1483,P0121,8,983.61
OD1714,O1854,P0039,4,113.96
OD1715,O0537,P0161,8,413.57
OD1716,O1467,P0047,2,217.51
OD1717,O0533,P0056,9,639.85
OD1718,O0342,P0108,2,798.69
OD1719,O1889,P0178,10,909.17
OD1720,O0068,P0176,5,876.01
OD1721,O1700,P0194,2,6.13
OD1722,O1472,P0135,8,682.47
OD1723,O1936,P0055,10,443.03
OD1724,O0068,P0011,5,239.15
OD1725,O0239,P0083,6,781.48
OD1726,O0035,P0137,5,596.95
OD1727,O0549,P0086,3,359.1
OD1728,O1775,P0160,7,459.2
OD1729,O1216,P0173,1,467.79
OD1730,O1414,P0036,7,538.77
OD1731,O0565,P0197,1,399.82
OD1732,O0982,P0008,6,586.12
OD1733,O0111,P0052,9,653.29
OD1734,O1952,P0087,3,198.98
OD1735,O0386,P0079,7,692.71
OD1736,O0160,P0074,8,124.65
OD1737,O1962,P0018,4,217.51
OD1738,O0398,P0173,4,966.31
OD1739,O1138,P0059,3,322.48
OD1740,O1634,P0137,8,248.41
OD1741,O0314,P0083,3,539.07
OD1742,O0866,P0002,9,425.95
OD1743,O1554,P0043,4,874.02
OD1744,O1120,P0074,6,481.87
OD1745,O0186,P0045,6,199.05
OD1746,O1117,P0195,9,6.13
OD1747,O0006,P0008,2,466.64
OD1748,O1296,P0145,10,673.14
OD1749,O0304,P0029,8,310.52
OD1750,O1873,P0189,2,874.02
OD1751,O1825,P0034,9,933.51
OD1752,O1792,P0088,9,716.65
OD1753,O0015,P0004,2,868.39
OD1754,O1324,P0197,3,692.71
OD1755,O1690,P0014,3,480.56
OD1756,O0489,P0110,2,619.17
OD1757,O1113,P0021,1,645.62
OD1758,O1754,P0178,4,682.47
OD1759,O1913,P0028,9,530.65
OD1760,O0706,P0051,6,688.73
OD1761,O1251,P0052,1,303.9
OD1762,O1350,P0163,1,217.39
OD1763,O0862,P0056,6,830.19
OD1764,O1789,P0099,10,319.81
OD1765,O1497,P0069,7,682.35
OD1766,O0155,P0171,9,359.1
OD1767,O1321,P0025,2,682.47
OD1768,O0692,P0076,4,810.24
OD1769,O0292,P0157,4,703.65
OD1770,O1151,P0042,7,124.65
OD1771,O0925,P0069,1,619.17
OD1772,O1279,P0091,7,739.09
OD1773,O1563,P0145,9,962.94
OD1774,O1751,P0005,6,810.24
OD1775,O1887,P0045,3,752.73
OD1776,O0497,P0111,3,869.64
OD1777,O0153,P0015,6,933.51
OD1778,O0886,P0049,5,467.79
OD1779,O1633,P0190,10,778.9
OD1780,O1082,P0197,10,307.39
OD1781,O0694,P0019,6,198.98
OD1782,O1911,P0023,4,364.72
OD1783,O1197,P0035,10,579.17
OD1784,O1719,P0009,2,989.68
OD1785,O0618,P0144,8,682.47
OD1786,O1441,P0102,10,404.91
OD1787,O1189,P0123,2,114.9
OD1788,O1454,P0027,9,307.36
OD1789,O1099,P0184,10,490.37
OD1790,O1418,P0019,3,94.0
OD1791,O0814,P0078,8,312.6
OD1792,O1195,P0106,4,379.8
OD1793,O1322,P0140,5,289.16
OD1794,O0643,P0144,6,114.74
OD1795,O1672,P0096,5,608.81
OD1796,O1529,P0102,4,979.95
OD1797,O1701,P0133,1,425.95
OD1798,O0120,P0109,9,152.59
OD1799,O0807,P0118,8,776.99
OD1800,O1825,P0144,7,303.9
OD1801,O0695,P0125,3,781.48
OD1802,O0122,P0004,10,710.94
OD1803,O1318,P0124,8,239.15
OD1804,O0733,P0060,6,675.29
OD1805,O0141,P0025,8,317.21
OD1806,O0930,P0183,7,587.91
OD1807,O1802,P0017,10,930.59
OD1808,O1118,P0101,3,625.33
OD1809,O0859,P0076,4,900.74
OD1810,O1690,P0173,5,976.8
OD1811,O0691,P0042,4,281.76
OD1812,O1464,P0015,8,837.21
OD1813,O0026,P0114,2,781.48
OD1814,O1158,P0121,8,869.52
OD1815,O1438,P0183,3,507.18
OD1816,O1500,P0014,5,962.72
OD1817,O1275,P0117,5,239.15
OD1818,O0961,P0017,8,933.51
OD1819,O0815,P0081,1,518.19
OD1820,O0871,P0102,9,481.31
OD1821,O0106,P0141,3,869.42
OD1822,O0210,P0041,7,608.81
OD1823,O1554,P0120,5,755.45
OD1824,O0318,P0024,7,303.9
OD1825,O1919,P0041,9,900.74
OD1826,O0416,P0070,4,239.15
OD1827,O0854,P0112,7,466.64
OD1828,O0814,P0195,10,421.53
OD1829,O1741,P0165,2,793.06
OD1830,O1354,P0004,9,6.13
OD1831,O0859,P0180,10,413.57
OD1832,O0490,P0071,3,612.08
OD1833,O1785,P0131,1,539.07
OD1834,O0293,P0179,2,493.36
OD1835,O0249,P0020,4,639.85
OD1836,O1466,P0119,8,115.53
OD1837,O0211,P0095,9,317.21
OD1838,O1250,P0177,9,814.51
OD1839,O0081,P0059,5,876.01
OD1840,O0860,P0084,6,900.74
OD1841,O0242,P0099,8,716.65
OD1842,O0903,P0162,3,58.6
OD1843,O0425,P0198,4,814.09
OD1844,O0464,P0028,10,731.13
OD1845,O1186,P0146,10,390.21
OD1846,O1560,P0055,4,654.59
OD1847,O0132,P0074,2,869.64
OD1848,O1749,P0126,9,217.51
OD1849,O1779,P0002,10,989.68
OD1850,O1649,P0061,6,425.95
OD1851,O0267,P0172,1,772.14
OD1852,O1005,P0069,10,495.37
OD1853,O0125,P0193,3,966.31
OD1854,O1407,P0117,6,808.25
OD1855,O0545,P0152,8,639.85
OD1856,O1549,P0171,3,951.7
OD1857,O0656,P0076,10,676.77
OD1858,O1527,P0028,10,307.36
OD1859,O1764,P0073,3,778.9
OD1860,O1918,P0176,6,65.81
OD1861,O0277,P0077,7,507.18
OD1862,O0586,P0093,4,413.57
OD1863,O1809,P0194,9,307.36
OD1864,O0895,P0094,1,972.42
OD1865,O1816,P0134,1,102.99
OD1866,O1944,P0164,7,347.66
OD1867,O0242,P0137,2,459.2
OD1868,O0160,P0089,4,456.09
OD1869,O0177,P0068,10,871.3
OD1870,O1237,P0186,9,752.73
OD1871,O0961,P0015,6,481.31
OD1872,O1499,P0089,5,507.18
OD1873,O1477,P0184,10,688.73
OD1874,O1883,P0076,9,810.38
OD1875,O0172,P0114,8,467.79
OD1876,O0160,P0003,10,933.51
OD1877,O0803,P0120,7,941.18
OD1878,O1694,P0189,3,579.17
OD1879,O1615,P0095,10,456.09
OD1880,O1838,P0074,4,98.76
OD1881,O1495,P0046,10,778.9
OD1882,O0685,P0170,9,587.91
OD1883,O1389,P0188,5,675.29
OD1884,O1713,P0131,4,871.3
OD1885,O1949,P0073,8,619.17
OD1886,O1109,P0187,9,203.55
OD1887,O1770,P0023,6,869.52
OD1888,O0713,P0195,10,364.72
OD1889,O1863,P0084,8,772.14
OD1890,O0447,P0179,8,983.61
OD1891,O1572,P0171,10,869.42
OD1892,O0158,P0185,1,808.25
OD1893,O1601,P0193,5,404.91
OD1894,O1476,P0200,10,863.93
OD1895,O1244,P0084,1,915.67
OD1896,O0015,P0107,10,161.93
OD1897,O0527,P0104,4,962.94
OD1898,O0815,P0070,9,198.98
OD1899,O0885,P0052,3,364.72
OD1900,O0901,P0066,6,11.52
OD1901,O0706,P0188,5,587.91
OD1902,O1513,P0116,5,962.72
OD1903,O1237,P0116,7,731.13
OD1904,O0578,P0023,3,608.81
OD1905,O1516,P0043,9,380.11
OD1906,O1062,P0190,4,933.51
OD1907,O1085,P0086,7,871.3
OD1908,O1628,P0036,10,368.19
OD1909,O0413,P0101,6,673.14
OD1910,O1040,P0089,7,692.71
OD1911,O0344,P0152,8,890.48
OD1912,O1261,P0200,7,752.73
OD1913,O0719,P0067,7,869.64
OD1914,O0091,P0059,1,504.0
OD1915,O1235,P0091,4,933.51
OD1916,O0314,P0123,6,772.14
OD1917,O1730,P0014,4,515.38
OD1918,O0928,P0141,2,430.5
OD1919,O1660,P0143,3,169.96
OD1920,O0302,P0161,8,900.74
OD1921,O1117,P0037,9,871.3
OD1922,O1690,P0106,2,966.31
OD1923,O0888,P0179,10,368.19
OD1924,O0964,P0107,5,499.29
OD1925,O1049,P0011,9,289.16
OD1926,O1826,P0030,2,359.1
OD1927,O1511,P0107,8,480.56
OD1928,O1935,P0136,8,94.0
OD1929,O0464,P0191,3,124.65
OD1930,O0217,P0114,10,380.11
OD1931,O0575,P0129,6,983.61
OD1932,O1169,P0086,7,481.31
OD1933,O1966,P0096,5,322.48
OD1934,O1186,P0200,6,359.1
OD1935,O0645,P0177,3,379.8
OD1936,O0103,P0087,7,368.19
OD1937,O1806,P0050,8,933.51
OD1938,O1268,P0066,1,112.52
OD1939,O0320,P0103,10,112.52
OD1940,O0482,P0016,10,289.16
OD1941,O1754,P0100,1,539.07
OD1942,O0300,P0123,5,114.9
OD1943,O1065,P0188,9,419.41
OD1944,O0431,P0192,6,538.77
OD1945,O0950,P0057,1,307.36
OD1946,O1360,P0030,4,217.39
OD1947,O0214,P0041,1,278.92
OD1948,O1677,P0048,6,40.01
OD1949,O0112,P0004,4,22.06
OD1950,O1255,P0161,10,278.92
OD1951,O1055,P0181,2,355.13
OD1952,O0277,P0068,9,900.74
OD1953,O0140,P0171,7,481.31
OD1954,O1453,P0143,7,989.68
OD1955,O1667,P0022,1,636.14
OD1956,O1245,P0155,8,596.95
OD1957,O1525,P0051,4,972.42
OD1958,O0752,P0064,6,639.85
OD1959,O0582,P0099,7,114.74
OD1960,O0884,P0151,10,522.34
OD1961,O0924,P0037,9,688.68
OD1962,O1242,P0083,7,608.81
OD1963,O0998,P0198,4,344.89
OD1964,O0848,P0053,3,404.91
OD1965,O0098,P0150,6,199.05
OD1966,O1074,P0101,3,319.81
OD1967,O1359,P0016,7,219.71
OD1968,O0124,P0039,10,456.09
OD1969,O0785,P0013,10,6.13
OD1970,O0372,P0171,2,112.52
OD1971,O0007,P0126,2,124.65
OD1972,O1821,P0003,9,875.31
OD1973,O0523,P0168,10,731.13
OD1974,O1927,P0185,10,419.41
OD1975,O1010,P0125,5,869.42
OD1976,O1994,P0128,3,419.41
OD1977,O1132,P0151,7,979.95
OD1978,O0825,P0028,8,579.17
OD1979,O0379,P0183,5,152.86
OD1980,O1907,P0196,6,718.63
OD1981,O0205,P0022,6,731.13
OD1982,O1765,P0023,10,312.6
OD1983,O1412,P0057,2,430.5
OD1984,O1844,P0137,4,496.43
OD1985,O0503,P0004,9,289.16
OD1986,O0125,P0050,8,983.61
OD1987,O0723,P0048,4,676.77
OD1988,O0050,P0062,8,586.12
OD1989,O1806,P0145,7,830.19
OD1990,O0106,P0154,1,888.45
OD1991,O1792,P0012,8,612.08
OD1992,O0826,P0114,8,322.48
OD1993,O1664,P0015,4,399.82
OD1994,O0829,P0087,5,94.0
OD1995,O1560,P0142,8,114.74
OD1996,O1208,P0055,1,359.1
OD1997,O0576,P0078,1,430.5
OD1998,O1187,P0112,9,793.06
OD1999,O1720,P0018,5,239.15
OD2000,O0538,P0193,2,538.77
OD2001,O1830,P0190,6,425.95
OD2002,O0141,P0119,1,413.57
OD2003,O0354,P0033,8,530.65
OD2004,O0298,P0095,2,203.55
OD2005,O1459,P0100,7,466.64
OD2006,O0267,P0019,7,322.48
OD2007,O1233,P0086,3,682.35
OD2008,O1349,P0068,3,95.77
OD2009,O1544,P0115,1,355.13
OD2010,O0380,P0029,9,653.29
OD2011,O1864,P0156,10,539.07
OD2012,O1516,P0025,1,421.53
OD2013,O1754,P0065,4,983.61
OD2014,O0408,P0194,4,810.24
OD2015,O1316,P0087,1,538.77
OD2016,O0199,P0099,2,322.48
OD2017,O0964,P0176,1,207.38
OD2018,O1921,P0068,1,313.17
OD2019,O1767,P0161,5,444.16
OD2020,O1248,P0191,10,480.56
OD2021,O0367,P0071,8,307.39
OD2022,O1421,P0048,2,239.15
OD2023,O1782,P0137,2,95.0
OD2024,O1729,P0011,7,930.59
OD2025,O1010,P0153,10,581.6
OD2026,O0376,P0077,9,65.81
OD2027,O0712,P0091,8,152.59
OD2028,O1098,P0145,4,273.89
OD2029,O1979,P0057,1,113.96
OD2030,O1513,P0128,1,675.41
OD2031,O0784,P0095,10,710.94
OD2032,O0709,P0165,6,217.51
OD2033,O0520,P0076,1,814.09
OD2034,O1526,P0024,1,876.01
OD2035,O1179,P0024,4,625.33
OD2036,O1534,P0093,9,40.01
OD2037,O1239,P0184,10,152.86
OD2038,O0594,P0134,10,930.59
OD2039,O0159,P0034,3,399.82
OD2040,O1751,P0085,10,930.59
OD2041,O0401,P0089,7,752.73
OD2042,O0706,P0148,5,444.16
OD2043,O1208,P0066,10,480.56
OD2044,O0303,P0177,5,281.76
OD2045,O0142,P0129,1,430.5
OD2046,O0390,P0036,2,814.51
OD2047,O0253,P0008,3,342.64
OD2048,O1849,P0143,4,718.63
OD2049,O1364,P0190,9,239.15
OD2050,O1014,P0059,7,312.6
OD2051,O1750,P0108,3,689.72
OD2052,O1290,P0059,1,443.03
OD2053,O0429,P0159,6,201.59
OD2054,O1377,P0124,2,169.96
OD2055,O1593,P0082,9,504.0
OD2056,O0903,P0026,10,900.76
OD2057,O1802,P0141,8,347.8
OD2058,O0259,P0161,2,689.72
OD2059,O1977,P0089,5,933.51
OD2060,O0886,P0096,8,152.86
OD2061,O1631,P0122,5,755.45
OD2062,O1538,P0101,3,114.74
OD2063,O1920,P0130,8,467.79
OD2064,O1123,P0048,3,640.58
OD2065,O1660,P0107,8,776.99
OD2066,O0944,P0159,9,869.64
OD2067,O1823,P0173,7,586.12
OD2068,O1429,P0164,4,682.47
OD2069,O1985,P0053,5,710.94
OD2070,O0583,P0002,3,890.48
OD2071,O0853,P0115,9,58.6
OD2072,O1573,P0011,8,654.59
OD2073,O0970,P0039,1,322.48
OD2074,O0177,P0186,4,902.08
OD2075,O0167,P0027,5,252.73
OD2076,O1427,P0048,1,339.15
OD2077,O0081,P0198,8,281.76
OD2078,O1980,P0163,8,235.36
OD2079,O1780,P0033,7,752.73
OD2080,O0128,P0025,8,941.18
OD2081,O0954,P0171,3,499.29
OD2082,O0018,P0171,10,645.62
OD2083,O1640,P0014,4,869.52
OD2084,O0729,P0139,4,207.38
OD2085,O1993,P0103,10,869.52
OD2086,O1721,P0028,1,941.18
OD2087,O0027,P0098,10,152.59
OD2088,O1467,P0112,1,632.12
OD2089,O0657,P0110,8,399.82
OD2090,O1014,P0001,2,281.76
OD2091,O1519,P0126,1,161.93
OD2092,O0943,P0152,4,675.29
OD2093,O0828,P0083,7,112.52
OD2094,O1911,P0190,9,781.48
OD2095,O0175,P0171,2,198.98
OD2096,O1290,P0130,8,814.51
OD2097,O1955,P0016,2,612.08
OD2098,O1496,P0051,3,205.7
OD2099,O0866,P0038,7,239.15
OD2100,O1406,P0184,1,688.68
OD2101,O1208,P0053,10,404.91
OD2102,O1156,P0096,3,752.73
OD2103,O1541,P0180,1,874.02
OD2104,O1138,P0163,1,941.18
OD2105,O0566,P0134,2,456.09
OD2106,O1746,P0103,5,518.19
OD2107,O0143,P0073,5,443.03
OD2108,O0695,P0107,8,694.15
OD2109,O1562,P0006,9,830.19
OD2110,O0154,P0040,2,675.41
OD2111,O0724,P0085,10,319.81
OD2112,O0218,P0011,1,444.16
OD2113,O1072,P0107,8,507.18
OD2114,O0147,P0149,3,481.31
OD2115,O0491,P0192,7,596.95
OD2116,O0068,P0120,1,307.39
OD2117,O1855,P0187,5,682.35
OD2118,O0984,P0184,7,272.5
OD2119,O1289,P0049,4,310.52
OD2120,O0660,P0158,10,196.44
OD2121,O0993,P0177,5,716.65
OD2122,O1467,P0181,3,723.79
OD2123,O0649,P0103,2,909.17
OD2124,O1809,P0117,7,596.95
OD2125,O1134,P0073,5,900.74
OD2126,O1610,P0195,2,413.57
OD2127,O1541,P0106,10,723.79
OD2128,O0516,P0119,6,205.7
OD2129,O1563,P0131,4,120.37
OD2130,O1383,P0139,1,379.8
OD2131,O0060,P0038,1,814.51
OD2132,O1827,P0182,9,40.01
OD2133,O1591,P0047,4,675.41
OD2134,O0058,P0135,6,951.7
OD2135,O0240,P0057,4,495.37
OD2136,O0859,P0014,8,379.8
OD2137,O0081,P0165,1,272.5
OD2138,O0769,P0119,9,273.89
OD2139,O1145,P0083,2,972.42
OD2140,O0010,P0179,1,689.72
OD2141,O1268,P0155,6,902.08
OD2142,O1945,P0066,7,558.19
OD2143,O1671,P0057,2,682.47
OD2144,O0013,P0071,4,499.29
OD2145,O0091,P0139,4,65.81
OD2146,O1060,P0130,7,269.77
OD2147,O0802,P0026,8,869.64
OD2148,O1352,P0027,9,112.52
OD2149,O1921,P0144,9,596.95
OD2150,O0985,P0083,1,586.44
OD2151,O0451,P0150,2,207.38
OD2152,O0795,P0043,6,347.66
OD2153,O0666,P0130,7,561.28
OD2154,O1468,P0039,5,264.99
OD2155,O0033,P0006,8,359.1
OD2156,O1790,P0166,3,632.12
OD2157,O0463,P0169,2,239.15
OD2158,O0913,P0168,5,890.48
OD2159,O1964,P0093,3,196.44
OD2160,O0209,P0169,10,495.37
OD2161,O1965,P0023,2,808.25
OD2162,O1784,P0102,5,152.59
OD2163,O0856,P0068,7,430.5
OD2164,O1467,P0038,3,348.08
OD2165,O1736,P0124,1,364.72
OD2166,O0582,P0027,8,281.26
OD2167,O1451,P0010,10,692.71
OD2168,O0211,P0055,2,902.08
OD2169,O1364,P0073,8,675.29
OD2170,O0338,P0175,9,979.95
OD2171,O1962,P0197,3,507.18
OD2172,O0776,P0124,10,404.91
OD2173,O1871,P0103,1,874.02
OD2174,O1500,P0198,3,68.29
OD2175,O1877,P0198,7,837.21
OD2176,O1114,P0102,10,561.28
OD2177,O1244,P0105,10,6.13
OD2178,O0079,P0140,6,890.48
OD2179,O1108,P0144,2,830.19
OD2180,O0965,P0143,5,319.81
OD2181,O0889,P0014,1,625.33
OD2182,O1675,P0195,9,515.38
OD2183,O0592,P0154,4,248.41
OD2184,O0554,P0026,4,716.65
OD2185,O0394,P0190,5,339.15
OD2186,O1648,P0117,2,272.5
OD2187,O0870,P0193,7,459.2
OD2188,O1470,P0036,2,579.17
OD2189,O0658,P0198,10,235.36
OD2190,O0649,P0044,9,841.75
OD2191,O0940,P0060,6,102.99
OD2192,O0033,P0084,10,692.71
OD2193,O1467,P0096,7,581.6
OD2194,O1816,P0128,4,306.14
OD2195,O0814,P0063,7,330.99
OD2196,O1940,P0112,5,500.83
OD2197,O1955,P0030,3,814.09
OD2198,O0736,P0154,6,941.18
OD2199,O0258,P0100,7,161.93
OD2200,O0567,P0108,7,94.0
OD2201,O0536,P0055,5,778.9
OD2202,O0319,P0030,4,272.5
OD2203,O0072,P0128,5,114.74
OD2204,O1463,P0112,8,113.96
OD2205,O0748,P0144,4,289.16
OD2206,O1591,P0121,7,718.63
OD2207,O1938,P0083,2,124.65
OD2208,O1087,P0161,10,94.0
OD2209,O0224,P0064,4,380.11
OD2210,O0347,P0170,10,217.39
OD2211,O1614,P0146,3,518.19
OD2212,O0225,P0046,2,731.13
OD2213,O0719,P0119,1,269.77
OD2214,O0487,P0071,4,481.87
OD2215,O1962,P0081,8,499.29
OD2216,O2000,P0134,6,586.44
OD2217,O1986,P0093,4,120.37
OD2218,O1135,P0086,7,778.9
OD2219,O1054,P0123,7,480.56
OD2220,O0271,P0100,9,579.17
OD2221,O1182,P0007,2,459.2
OD2222,O1107,P0130,5,480.56
OD2223,O0738,P0176,6,962.72
OD2224,O0819,P0144,10,120.37
OD2225,O1398,P0065,8,876.01
OD2226,O1002,P0045,6,654.59
OD2227,O1255,P0040,10,989.68
OD2228,O0052,P0139,9,704.94
OD2229,O1818,P0131,3,196.44
OD2230,O1029,P0193,4,676.77
OD2231,O1356,P0080,9,205.7
OD2232,O1112,P0140,2,593.58
OD2233,O0686,P0141,3,983.61
OD2234,O1453,P0082,1,196.44
OD2235,O1826,P0195,4,814.09
OD2236,O1055,P0159,4,586.44
OD2237,O1995,P0011,8,810.38
OD2238,O0602,P0069,6,902.08
OD2239,O1000,P0148,2,653.29
OD2240,O1252,P0056,7,522.34
OD2241,O0378,P0036,3,677.5
OD2242,O1747,P0109,7,368.19
OD2243,O1275,P0117,3,764.97
OD2244,O0373,P0079,10,636.14
OD2245,O0696,P0172,10,368.19
OD2246,O1119,P0002,10,252.73
OD2247,O0532,P0033,10,281.76
OD2248,O1657,P0039,1,444.16
OD2249,O0938,P0186,9,115.53
OD2250,O0439,P0114,7,781.48
OD2251,O1265,P0087,7,890.48
OD2252,O1327,P0061,4,933.51
OD2253,O1764,P0118,1,196.44
OD2254,O0727,P0118,10,347.84
OD2255,O1606,P0171,8,399.82
OD2256,O0151,P0182,8,114.9
OD2257,O1076,P0120,2,677.5
OD2258,O0309,P0175,6,989.68
OD2259,O1084,P0044,9,518.19
OD2260,O0128,P0124,1,976.8
OD2261,O0329,P0182,2,308.23
OD2262,O1035,P0106,4,58.6
OD2263,O1676,P0033,2,421.53
OD2264,O0527,P0096,2,40.01
OD2265,O0011,P0110,7,459.2
OD2266,O0752,P0097,7,586.44
OD2267,O1110,P0122,7,456.09
OD2268,O1890,P0198,2,322.48
OD2269,O1832,P0151,10,688.73
OD2270,O1363,P0111,1,142.24
OD2271,O1293,P0188,2,404.91
OD2272,O1026,P0183,10,40.01
OD2273,O1160,P0126,2,235.36
OD2274,O1007,P0044,4,814.09
OD2275,O1724,P0120,9,207.38
OD2276,O0785,P0185,10,909.17
OD2277,O0470,P0092,7,205.7
OD2278,O1184,P0050,9,586.44
OD2279,O0707,P0076,9,444.16
OD2280,O1756,P0153,7,94.0
OD2281,O1809,P0143,1,347.66
OD2282,O1421,P0122,8,425.95
OD2283,O0144,P0015,7,933.51
OD2284,O1434,P0141,5,808.25
OD2285,O1099,P0087,7,930.59
OD2286,O1803,P0156,9,888.45
OD2287,O0281,P0001,3,962.94
OD2288,O1670,P0106,7,676.77
OD2289,O1534,P0176,8,962.72
OD2290,O1038,P0051,7,689.72
OD2291,O0149,P0185,3,499.29
OD2292,O1888,P0143,5,342.64
OD2293,O0413,P0103,4,313.17
OD2294,O1437,P0113,10,781.48
OD2295,O1657,P0171,5,459.2
OD2296,O0945,P0111,10,347.66
OD2297,O1783,P0036,2,272.5
OD2298,O1213,P0041,2,830.19
OD2299,O0854,P0188,9,863.93
OD2300,O1051,P0106,4,372.48
OD2301,O1372,P0043,6,752.73
OD2302,O1413,P0082,5,499.29
OD2303,O1506,P0183,1,636.14
OD2304,O1833,P0159,10,421.53
OD2305,O1317,P0122,4,102.99
OD2306,O1435,P0164,4,219.71
OD2307,O0827,P0157,7,306.14
OD2308,O1793,P0017,1,235.36
OD2309,O0976,P0031,6,781.48
OD2310,O0567,P0193,1,399.82
OD2311,O1642,P0146,5,636.14
OD2312,O0879,P0152,1,900.74
OD2313,O0673,P0200,6,810.38
OD2314,O1095,P0074,2,814.51
OD2315,O1608,P0097,4,608.81
OD2316,O0051,P0151,8,444.16
OD2317,O1111,P0093,10,281.26
OD2318,O0452,P0140,6,558.19
OD2319,O0271,P0006,4,419.41
OD2320,O0045,P0002,8,252.73
OD2321,O0014,P0167,3,704.94
OD2322,O1684,P0116,2,379.8
OD2323,O0902,P0084,3,281.26
OD2324,O0697,P0148,1,380.11
OD2325,O0989,P0055,1,962.94
OD2326,O1224,P0127,4,248.41
OD2327,O0154,P0009,7,114.74
OD2328,O1693,P0135,1,310.52
OD2329,O1730,P0005,8,355.13
OD2330,O0827,P0190,3,114.74
OD2331,O1121,P0188,7,704.94
OD2332,O1226,P0180,4,915.67
OD2333,O1650,P0105,9,317.21
OD2334,O0156,P0193,10,890.48
OD2335,O0871,P0148,4,490.37
OD2336,O1901,P0179,3,235.36
OD2337,O1328,P0065,4,289.16
OD2338,O0156,P0132,8,539.07
OD2339,O1682,P0154,8,120.37
OD2340,O0852,P0093,8,95.77
OD2341,O1570,P0199,6,98.76
OD2342,O1970,P0169,2,793.06
OD2343,O1446,P0133,5,640.58
OD2344,O0283,P0120,6,688.73
OD2345,O1794,P0159,1,252.14
OD2346,O1689,P0198,10,930.59
OD2347,O1691,P0148,3,863.93
OD2348,O0628,P0114,7,264.99
OD2349,O1470,P0033,8,830.19
OD2350,O0852,P0003,10,94.0
OD2351,O1256,P0004,7,68.29
OD2352,O1333,P0094,8,586.44
OD2353,O0146,P0181,6,466.64
OD2354,O1878,P0095,8,675.41
OD2355,O0212,P0100,9,810.24
OD2356,O0245,P0108,6,837.21
OD2357,O1282,P0185,8,278.92
OD2358,O1691,P0123,8,586.12
OD2359,O1085,P0167,1,310.52
OD2360,O0423,P0047,7,900.76
OD2361,O0248,P0139,10,930.59
OD2362,O0396,P0149,7,217.51
OD2363,O0956,P0004,10,581.6
OD2364,O1683,P0105,2,636.14
OD2365,O1984,P0182,2,347.8
OD2366,O1093,P0138,3,419.41
OD2367,O0154,P0121,3,380.11
OD2368,O1989,P0185,5,587.91
OD2369,O1966,P0172,1,515.38
OD2370,O1746,P0052,1,219.71
OD2371,O1010,P0124,6,830.19
OD2372,O0722,P0007,1,310.52
OD2373,O1437,P0129,10,364.72
OD2374,O1748,P0068,4,755.45
OD2375,O1282,P0199,7,810.24
OD2376,O0410,P0120,10,217.39
OD2377,O1292,P0193,1,518.19
OD2378,O0617,P0064,8,688.73
OD2379,O0194,P0142,4,869.42
OD2380,O1519,P0090,4,530.65
OD2381,O1532,P0124,1,312.6
OD2382,O1557,P0182,9,874.02
OD2383,O0409,P0014,10,806.91
OD2384,O0610,P0065,5,252.14
OD2385,O0139,P0033,3,863.93
OD2386,O1303,P0152,1,490.37
OD2387,O0287,P0070,4,596.95
OD2388,O0866,P0045,2,731.13
OD2389,O1171,P0045,3,718.63
OD2390,O1940,P0111,2,704.94
OD2391,O1912,P0114,8,781.48
OD2392,O1338,P0174,2,481.87
OD2393,O1997,P0022,8,278.92
OD2394,O0469,P0072,8,273.89
OD2395,O1134,P0129,6,348.08
OD2396,O1022,P0120,10,425.95
OD2397,O1334,P0151,1,364.72
OD2398,O0342,P0041,7,619.17
OD2399,O0738,P0134,4,441.92
OD2400,O0641,P0144,3,586.44
OD2401,O1791,P0122,5,364.72
OD2402,O1371,P0137,10,718.63
OD2403,O0820,P0028,3,530.65
OD2404,O1310,P0137,9,776.99
OD2405,O0818,P0038,6,264.99
OD2406,O1453,P0134,5,874.02
OD2407,O1778,P0157,4,692.71
OD2408,O1819,P0085,8,380.11
OD2409,O0156,P0194,3,539.07
OD2410,O1013,P0167,6,776.99
OD2411,O0217,P0001,8,688.73
OD2412,O0187,P0178,6,421.53
OD2413,O1595,P0101,10,27.48
OD2414,O0209,P0200,10,196.44
OD2415,O1161,P0004,5,933.51
OD2416,O1667,P0072,7,703.65
OD2417,O0381,P0006,4,102.99
OD2418,O0102,P0112,2,793.06
OD2419,O1258,P0011,3,612.08
OD2420,O1573,P0017,9,359.1
OD2421,O1470,P0185,7,399.82
OD2422,O1099,P0188,1,810.24
OD2423,O1942,P0197,7,115.53
OD2424,O0037,P0064,1,676.77
OD2425,O0658,P0009,10,94.0
OD2426,O0526,P0020,1,837.21
OD2427,O1243,P0020,2,379.8
OD2428,O0261,P0074,7,515.38
OD2429,O0950,P0136,5,248.41
OD2430,O1616,P0070,5,68.29
OD2431,O0194,P0174,5,196.44
OD2432,O1682,P0162,1,248.41
OD2433,O0487,P0102,10,764.97
OD2434,O1961,P0078,1,941.18
OD2435,O0561,P0029,8,95.77
OD2436,O0981,P0051,2,368.19
OD2437,O0942,P0096,5,530.65
OD2438,O1690,P0165,4,731.13
OD2439,O1411,P0043,8,675.29
OD2440,O0993,P0073,7,22.06
OD2441,O1687,P0188,6,281.26
OD2442,O0182,P0185,10,203.55
OD2443,O0046,P0047,4,755.45
OD2444,O0422,P0071,3,124.65
OD2445,O1308,P0075,10,869.52
OD2446,O0033,P0086,10,6.13
OD2447,O1371,P0048,7,902.08
OD2448,O1533,P0070,7,868.39
OD2449,O1322,P0099,10,273.89
OD2450,O0023,P0040,9,538.77
OD2451,O1508,P0025,8,869.52
OD2452,O0320,P0189,2,776.99
OD2453,O0660,P0198,1,190.5
OD2454,O1119,P0102,3,113.96
OD2455,O1488,P0083,2,625.33
OD2456,O0734,P0012,9,837.21
OD2457,O0261,P0135,2,438.61
OD2458,O1832,P0045,2,496.43
OD2459,O0720,P0062,4,421.53
OD2460,O0298,P0088,10,196.44
OD2461,O1448,P0093,1,639.85
OD2462,O0749,P0017,4,644.72
OD2463,O1761,P0028,2,890.48
OD2464,O1956,P0179,10,459.2
OD2465,O0728,P0079,8,682.35
OD2466,O1581,P0136,4,596.95
OD2467,O0594,P0195,10,515.38
OD2468,O1209,P0091,5,344.89
OD2469,O1658,P0167,6,586.12
OD2470,O0894,P0185,8,703.65
OD2471,O0737,P0123,9,425.95
OD2472,O0921,P0169,8,654.59
OD2473,O1662,P0013,9,359.1
OD2474,O0283,P0073,3,776.99
OD2475,O1537,P0107,8,888.45
OD2476,O0645,P0042,8,319.81
OD2477,O0902,P0151,7,561.28
OD2478,O0271,P0065,4,718.63
OD2479,O1801,P0178,3,480.56
OD2480,O0605,P0046,3,399.82
OD2481,O0023,P0051,9,793.06
OD2482,O0316,P0132,5,692.71
OD2483,O1658,P0054,1,559.19
OD2484,O0955,P0058,5,313.17
OD2485,O0564,P0160,4,869.52
OD2486,O1679,P0182,10,522.34
OD2487,O1525,P0017,4,798.69
OD2488,O1830,P0126,6,102.99
OD2489,O1118,P0055,1,161.93
OD2490,O1699,P0091,8,586.12
OD2491,O1687,P0011,2,644.72
OD2492,O0462,P0178,7,925.36
OD2493,O0638,P0088,5,102.99
OD2494,O1338,P0152,3,399.82
OD2495,O1253,P0027,2,962.72
OD2496,O1777,P0140,6,203.55
OD2497,O0314,P0154,2,112.52
OD2498,O0796,P0187,10,495.37
OD2499,O1662,P0168,6,152.59
OD2500,O0094,P0159,5,619.17
